,,5refs,,,,1refs,,,,8refs,,,,2refs,,,,6refs,,,,3refs,,,,4refs,,,,gold,,,,7refs,
words_differences,index_differences,spearman_differences,aligned_by,words_differences,index_differences,spearman_differences,aligned_by,words_differences,index_differences,spearman_differences,aligned_by,words_differences,index_differences,spearman_differences,aligned_by,words_differences,index_differences,spearman_differences,aligned_by,words_differences,index_differences,spearman_differences,aligned_by,words_differences,index_differences,spearman_differences,aligned_by,words_differences,index_differences,spearman_differences,aligned_by,words_differences,index_differences,spearman_differences,aligned_by,words_differences,index_differences,spearman_differences,aligned_by,words_differences,index_differences,spearman_differences,aligned_by,words_differences,index_differences,spearman_differences,aligned_by,words_differences,index_differences,spearman_differences,aligned_by,words_differences,index_differences,spearman_differences,aligned_by,words_differences,index_differences,spearman_differences,aligned_by,words_differences,index_differences,spearman_differences,aligned_by,words_differences,index_differences,spearman_differences,aligned_by,words_differences,index_differences,spearman_differences,aligned_by,words_differences,index_differences,spearman_differences,aligned_by,words_differences,index_differences,spearman_differences,aligned_by,words_differences,index_differences,spearman_differences,aligned_by,words_differences,index_differences,spearman_differences,aligned_by,words_differences,index_differences,spearman_differences,aligned_by,words_differences,index_differences,spearman_differences,aligned_by,words_differences,index_differences,spearman_differences,aligned_by,words_differences,index_differences,spearman_differences,aligned_by,words_differences,index_differences,spearman_differences,aligned_by,words_differences,index_differences,spearman_differences,aligned_by,words_differences,index_differences,spearman_differences,aligned_by,words_differences,index_differences,spearman_differences,aligned_by,words_differences,index_differences,spearman_differences,aligned_by,words_differences,index_differences,spearman_differences,aligned_by,words_differences,index_differences,spearman_differences,aligned_by,words_differences,index_differences,spearman_differences,aligned_by,words_differences,index_differences,spearman_differences,aligned_by,words_differences,index_differences,spearman_differences,aligned_by
32,4,0.24725274725274726,ORDERED with align,32,4,0.24725274725274726,ORDERED with align,32,4,0.24725274725274726,ORDERED with align,29,6,0.28928571428571426,ORDERED with align,32,4,0.24725274725274726,ORDERED with align,29,6,0.28928571428571426,ORDERED with align,32,4,0.24725274725274726,ORDERED with align,19,1,0.985294117647059,ORDERED with align,32,4,0.24725274725274726,ORDERED with align
2,0,1.0,ORDERED with align,2,0,1.0,ORDERED with align,2,0,1.0,ORDERED with align,13,6,0.17032967032967034,ORDERED with align,2,0,1.0,ORDERED with align,13,6,0.17032967032967034,ORDERED with align,13,7,0.7178571428571427,ORDERED with align,1,0,1.0,ORDERED with align,2,0,1.0,ORDERED with align
25,7,0.0964285714285714,ORDERED with align,1,0,0.9999999999999998,ORDERED with align,25,7,0.0964285714285714,ORDERED with align,25,7,0.0964285714285714,ORDERED with align,25,7,0.0964285714285714,ORDERED with align,25,7,0.0964285714285714,ORDERED with align,23,7,0.18214285714285713,ORDERED with align,16,6,0.9233766233766234,ORDERED with align,25,7,0.0964285714285714,ORDERED with align
19,5,0.06293706293706294,ORDERED with align,19,5,0.06293706293706294,ORDERED with align,19,5,0.06293706293706294,ORDERED with align,19,5,0.06293706293706294,ORDERED with align,19,5,0.06293706293706294,ORDERED with align,19,5,0.06293706293706294,ORDERED with align,19,5,0.06293706293706294,ORDERED with align,6,1,0.9790209790209792,ORDERED with align,19,5,0.06293706293706294,ORDERED with align
24,11,0.5389610389610389,ORDERED with align,21,7,0.19999999999999998,ORDERED with align,24,11,0.5389610389610389,ORDERED with align,24,11,0.5389610389610389,ORDERED with align,24,11,0.5389610389610389,ORDERED with align,24,11,0.5389610389610389,ORDERED with align,24,11,0.5389610389610389,ORDERED with align,5,2,0.9582156973461323,ORDERED with align,24,11,0.5389610389610389,ORDERED with align
1,0,0.9999999999999999,ORDERED with align,1,0,0.9999999999999999,ORDERED with align,1,0,0.9999999999999999,ORDERED with align,1,0,0.9999999999999999,ORDERED with align,1,0,0.9999999999999999,ORDERED with align,1,0,0.9999999999999999,ORDERED with align,1,0,0.9999999999999999,ORDERED with align,9,0,1.0,ORDERED with align,1,0,0.9999999999999999,ORDERED with align
32,16,0.4805692391899289,ORDERED with align,33,6,0.23076923076923078,ORDERED with align,32,16,0.4805692391899289,ORDERED with align,32,16,0.4805692391899289,ORDERED with align,32,16,0.4805692391899289,ORDERED with align,32,14,0.5251231527093595,ORDERED with align,33,6,0.23076923076923078,ORDERED with align,17,2,0.9909090909090909,ORDERED with align,32,16,0.4805692391899289,ORDERED with align
14,4,0.47802197802197804,ORDERED with align,30,7,0.0823529411764706,ORDERED with align,15,2,0.5666666666666667,ORDERED with align,35,4,0.46153846153846156,ORDERED with align,14,4,0.47802197802197804,ORDERED with align,14,5,0.5384615384615384,ORDERED with align,15,2,0.5666666666666667,ORDERED with align,5,5,0.5964285714285712,ORDERED with align,14,4,0.47802197802197804,ORDERED with align
25,5,-0.3,ORDERED with align,24,5,0.16363636363636364,ORDERED with align,23,7,0.2087912087912088,ORDERED with align,23,7,0.17032967032967034,ORDERED with align,25,5,-0.3,ORDERED with align,25,5,-0.3,ORDERED with align,26,15,0.4033935413245758,ORDERED with align,1,0,0.9999999999999998,ORDERED with align,25,5,-0.3,ORDERED with align
33,4,0.29090909090909095,ORDERED with align,33,4,0.29090909090909095,ORDERED with align,33,3,0.3545454545454546,ORDERED with align,12,4,0.19999999999999998,ORDERED with align,33,3,0.3545454545454546,ORDERED with align,12,3,0.39999999999999997,ORDERED with align,33,4,0.29090909090909095,ORDERED with align,0,0,1.0,ORDERED with align,33,4,0.29090909090909095,ORDERED with align
7,4,-0.11904761904761905,ORDERED with align,9,4,0.14285714285714288,ORDERED with align,7,4,-0.11904761904761905,ORDERED with align,9,4,0.14285714285714288,ORDERED with align,9,4,0.14285714285714288,ORDERED with align,34,5,0.6166666666666666,ORDERED with align,7,4,-0.11904761904761905,ORDERED with align,2,1,-0.5,ORDERED with align,7,4,-0.11904761904761905,ORDERED with align
15,3,0.5333333333333333,ORDERED with align,25,3,0.2833333333333333,ORDERED with align,15,3,0.5333333333333333,ORDERED with align,15,3,0.5333333333333333,ORDERED with align,25,3,0.2833333333333333,ORDERED with align,25,3,0.2833333333333333,ORDERED with align,25,3,0.2833333333333333,ORDERED with align,4,2,0.8833333333333333,ORDERED with align,25,3,0.2833333333333333,ORDERED with align
20,7,0.4730392156862746,ORDERED with align,2,0,1.0,ORDERED with align,20,7,0.4730392156862746,ORDERED with align,20,7,0.4730392156862746,ORDERED with align,2,0,1.0,ORDERED with align,16,4,0.6484848484848483,ORDERED with align,2,0,1.0,ORDERED with align,3,1,0.9868131868131869,ORDERED with align,2,0,1.0,ORDERED with align
0,0,1.0,ORDERED with align,0,0,1.0,ORDERED with align,0,0,1.0,ORDERED with align,0,0,1.0,ORDERED with align,0,0,1.0,ORDERED with align,14,4,0.39860139860139865,ORDERED with align,0,0,1.0,ORDERED with align,0,0,1.0,ORDERED with align,0,0,1.0,ORDERED with align
18,7,0.6794117647058824,ORDERED with align,18,7,0.6794117647058824,ORDERED with align,1,0,1.0,ORDERED with align,18,7,0.6794117647058824,ORDERED with align,1,0,1.0,ORDERED with align,1,0,1.0,ORDERED with align,18,7,0.6794117647058824,ORDERED with align,14,4,-0.22727272727272727,ORDERED with align,1,0,1.0,ORDERED with align
25,9,0.17234262125902994,ORDERED with align,25,9,0.17234262125902994,ORDERED with align,25,6,-0.19230769230769232,ORDERED with align,25,9,0.17234262125902994,ORDERED with align,25,6,-0.19230769230769232,ORDERED with align,25,6,-0.19230769230769232,ORDERED with align,25,9,0.17234262125902994,ORDERED with align,10,1,0.9988706945228685,ORDERED with align,25,6,-0.19230769230769232,ORDERED with align
23,8,0.2747252747252747,ORDERED with align,23,8,0.2747252747252747,ORDERED with align,23,8,0.2747252747252747,ORDERED with align,23,8,0.2747252747252747,ORDERED with align,23,8,0.2747252747252747,ORDERED with align,23,8,0.2747252747252747,ORDERED with align,1,0,1.0,ORDERED with align,5,1,0.6623376623376622,ORDERED with align,23,8,0.2747252747252747,ORDERED with align
25,7,-0.16483516483516483,ORDERED with align,14,4,0.5664335664335665,ORDERED with align,25,7,-0.16483516483516483,ORDERED with align,25,7,-0.16483516483516483,ORDERED with align,25,6,0.010989010989010988,ORDERED with align,26,6,0.1188811188811189,ORDERED with align,13,7,0.06071428571428571,ORDERED with align,0,0,1.0,ORDERED with align,25,6,0.010989010989010988,ORDERED with align
14,5,-0.3076923076923077,ORDERED with align,24,9,0.2,ORDERED with align,14,5,0.2027972027972028,ORDERED with align,14,5,-0.3076923076923077,ORDERED with align,14,5,-0.3076923076923077,ORDERED with align,14,5,-0.3076923076923077,ORDERED with align,14,5,0.2027972027972028,ORDERED with align,5,3,0.4835164835164835,ORDERED with align,14,5,-0.3076923076923077,ORDERED with align
26,9,0.09068627450980393,ORDERED with align,26,9,0.09068627450980393,ORDERED with align,26,9,0.09068627450980393,ORDERED with align,26,9,0.09068627450980393,ORDERED with align,26,9,0.09068627450980393,ORDERED with align,26,8,-0.12500000000000003,ORDERED with align,26,9,0.09068627450980393,ORDERED with align,2,0,1.0,ORDERED with align,26,9,0.09068627450980393,ORDERED with align
29,11,0.43986448334274425,ORDERED with align,29,11,0.43986448334274425,ORDERED with align,30,9,0.5132693393562959,ORDERED with align,30,9,0.5132693393562959,ORDERED with align,30,9,0.5132693393562959,ORDERED with align,29,11,0.43986448334274425,ORDERED with align,30,9,0.5132693393562959,ORDERED with align,1,0,1.0,ORDERED with align,30,9,0.5132693393562959,ORDERED with align
14,4,0.04895104895104895,ORDERED with align,14,4,0.04895104895104895,ORDERED with align,14,4,0.04895104895104895,ORDERED with align,14,4,0.04895104895104895,ORDERED with align,14,4,0.04895104895104895,ORDERED with align,14,4,0.04895104895104895,ORDERED with align,14,4,0.04895104895104895,ORDERED with align,2,0,1.0,ORDERED with align,14,4,0.04895104895104895,ORDERED with align
31,10,0.2508771929824561,ORDERED with align,31,10,0.2508771929824561,ORDERED with align,31,10,0.2508771929824561,ORDERED with align,31,10,0.2508771929824561,ORDERED with align,31,10,0.2508771929824561,ORDERED with align,31,10,0.2508771929824561,ORDERED with align,32,5,0.37762237762237766,ORDERED with align,2,14,0.2252673796791444,ORDERED with align,31,10,0.2508771929824561,ORDERED with align
12,5,0.1398601398601399,ORDERED with align,32,8,0.4970588235294117,ORDERED with align,32,8,0.4970588235294117,ORDERED with align,12,5,0.1398601398601399,ORDERED with align,12,5,0.1398601398601399,ORDERED with align,12,5,0.1398601398601399,ORDERED with align,20,5,0.40659340659340654,ORDERED with align,2,0,1.0,ORDERED with align,32,8,0.4970588235294117,ORDERED with align
29,9,0.5087719298245614,ORDERED with align,17,5,0.6503496503496504,ORDERED with align,17,5,0.6503496503496504,ORDERED with align,30,7,0.4592363261093911,ORDERED with align,29,9,0.5087719298245614,ORDERED with align,29,9,0.5087719298245614,ORDERED with align,29,9,0.5087719298245614,ORDERED with align,5,3,0.9235294117647058,ORDERED with align,17,5,0.6503496503496504,ORDERED with align
33,7,0.26103896103896107,ORDERED with align,33,7,0.26103896103896107,ORDERED with align,33,8,0.5454545454545454,ORDERED with align,30,9,0.6571146245059288,ORDERED with align,33,8,0.5454545454545454,ORDERED with align,21,7,0.6719298245614035,ORDERED with align,33,7,0.26103896103896107,ORDERED with align,8,0,1.0,ORDERED with align,33,8,0.5454545454545454,ORDERED with align
15,4,0.13636363636363638,ORDERED with align,23,3,0.7000000000000001,ORDERED with align,16,5,0.3090909090909091,ORDERED with align,17,2,0.31468531468531474,ORDERED with align,23,3,0.7000000000000001,ORDERED with align,16,5,0.3090909090909091,ORDERED with align,23,3,0.7000000000000001,ORDERED with align,4,0,1.0,ORDERED with align,23,3,0.7000000000000001,ORDERED with align
21,8,0.5543859649122806,ORDERED with align,15,8,0.10049019607843139,ORDERED with align,1,0,1.0,ORDERED with align,15,8,0.10049019607843139,ORDERED with align,14,9,0.1323529411764706,ORDERED with align,33,7,0.8807017543859648,ORDERED with align,1,0,1.0,ORDERED with align,5,1,0.9964285714285712,ORDERED with align,15,8,0.10049019607843139,ORDERED with align
17,7,0.0945054945054945,ORDERED with align,17,7,0.0945054945054945,ORDERED with align,22,9,0.48214285714285704,ORDERED with align,22,9,0.48214285714285704,ORDERED with align,17,7,0.0945054945054945,ORDERED with align,22,9,0.48214285714285704,ORDERED with align,1,0,1.0,ORDERED with align,11,3,0.6428571428571429,ORDERED with align,17,7,0.0945054945054945,ORDERED with align
25,8,0.42401960784313725,ORDERED with align,25,8,0.42401960784313725,ORDERED with align,25,8,0.42401960784313725,ORDERED with align,24,10,0.5824561403508772,ORDERED with align,25,8,0.42401960784313725,ORDERED with align,25,8,0.42401960784313725,ORDERED with align,25,8,0.42401960784313725,ORDERED with align,8,0,1.0,ORDERED with align,25,8,0.42401960784313725,ORDERED with align
1,0,1.0,ORDERED with align,1,0,1.0,ORDERED with align,1,0,1.0,ORDERED with align,15,8,0.15882352941176472,ORDERED with align,1,0,1.0,ORDERED with align,1,0,1.0,ORDERED with align,1,0,1.0,ORDERED with align,4,1,0.6470588235294118,ORDERED with align,1,0,1.0,ORDERED with align
33,10,0.4330827067669173,ORDERED with align,33,10,0.4330827067669173,ORDERED with align,33,10,0.4330827067669173,ORDERED with align,33,10,0.4330827067669173,ORDERED with align,33,10,0.4330827067669173,ORDERED with align,34,12,0.28478632478632476,ORDERED with align,33,10,0.4330827067669173,ORDERED with align,8,2,0.996358543417367,ORDERED with align,33,10,0.4330827067669173,ORDERED with align
25,7,0.36274509803921573,ORDERED with align,25,7,0.36274509803921573,ORDERED with align,16,4,0.3916083916083916,ORDERED with align,25,7,0.36274509803921573,ORDERED with align,25,7,0.36274509803921573,ORDERED with align,16,4,0.3916083916083916,ORDERED with align,25,7,0.36274509803921573,ORDERED with align,4,0,1.0,ORDERED with align,25,7,0.36274509803921573,ORDERED with align
22,5,0.5384615384615385,ORDERED with align,22,5,0.5384615384615385,ORDERED with align,23,12,0.38932806324110675,ORDERED with align,22,5,0.5384615384615385,ORDERED with align,22,6,0.5879120879120878,ORDERED with align,1,0,1.0,ORDERED with align,22,6,0.5879120879120878,ORDERED with align,6,1,0.9411764705882353,ORDERED with align,22,6,0.5879120879120878,ORDERED with align
2,0,1.0,ORDERED with align,2,0,1.0,ORDERED with align,2,0,1.0,ORDERED with align,2,0,1.0,ORDERED with align,2,0,1.0,ORDERED with align,2,0,1.0,ORDERED with align,2,0,1.0,ORDERED with align,6,3,-0.33333333333333337,ORDERED with align,2,0,1.0,ORDERED with align
28,3,0.5714285714285715,ORDERED with align,28,3,0.5714285714285715,ORDERED with align,28,3,0.5714285714285715,ORDERED with align,28,3,0.5714285714285715,ORDERED with align,28,3,0.5714285714285715,ORDERED with align,28,3,0.5714285714285715,ORDERED with align,28,3,0.5714285714285715,ORDERED with align,2,0,0.9999999999999999,ORDERED with align,28,3,0.5714285714285715,ORDERED with align
38,4,0.7132867132867133,ORDERED with align,38,4,0.7132867132867133,ORDERED with align,38,4,0.7132867132867133,ORDERED with align,38,4,0.7132867132867133,ORDERED with align,38,4,0.7132867132867133,ORDERED with align,38,4,0.7132867132867133,ORDERED with align,38,4,0.7132867132867133,ORDERED with align,4,3,-0.6454545454545455,ORDERED with align,38,4,0.7132867132867133,ORDERED with align
11,3,0.5,ORDERED with align,11,3,0.5,ORDERED with align,11,3,0.5,ORDERED with align,11,3,0.5,ORDERED with align,11,3,0.5,ORDERED with align,29,3,0.6904761904761906,ORDERED with align,11,3,0.5,ORDERED with align,0,0,1.0,ORDERED with align,11,3,0.5,ORDERED with align
28,9,0.07532467532467534,ORDERED with align,28,9,0.07532467532467534,ORDERED with align,28,9,0.07532467532467534,ORDERED with align,28,9,0.07532467532467534,ORDERED with align,28,9,0.07532467532467534,ORDERED with align,21,3,0.35757575757575755,ORDERED with align,28,9,0.07532467532467534,ORDERED with align,3,2,0.9597402597402598,ORDERED with align,28,9,0.07532467532467534,ORDERED with align
21,3,0.3181818181818182,ORDERED with align,21,3,0.3181818181818182,ORDERED with align,20,6,0.5034965034965035,ORDERED with align,20,5,0.5272727272727273,ORDERED with align,20,5,0.5272727272727273,ORDERED with align,19,5,0.22727272727272727,ORDERED with align,21,3,0.3181818181818182,ORDERED with align,2,2,0.8870694522868439,ORDERED with align,21,3,0.3181818181818182,ORDERED with align
11,1,0.261904761904762,ORDERED with align,11,1,0.261904761904762,ORDERED with align,9,4,0.33333333333333337,ORDERED with align,9,4,0.33333333333333337,ORDERED with align,9,4,0.33333333333333337,ORDERED with align,11,1,0.261904761904762,ORDERED with align,11,1,0.261904761904762,ORDERED with align,2,0,1.0,ORDERED with align,11,2,0.523809523809524,ORDERED with align
21,6,-0.38181818181818183,ORDERED with align,21,6,-0.38181818181818183,ORDERED with align,21,6,-0.38181818181818183,ORDERED with align,21,6,-0.38181818181818183,ORDERED with align,21,4,0.3696969696969697,ORDERED with align,21,4,0.3696969696969697,ORDERED with align,21,6,-0.38181818181818183,ORDERED with align,0,0,1.0,ORDERED with align,21,6,-0.38181818181818183,ORDERED with align
21,4,0.31666666666666665,ORDERED with align,21,4,0.31666666666666665,ORDERED with align,21,4,0.31666666666666665,ORDERED with align,21,4,0.31666666666666665,ORDERED with align,21,5,0.41666666666666663,ORDERED with align,21,5,0.41666666666666663,ORDERED with align,21,4,0.31666666666666665,ORDERED with align,2,1,0.9878787878787878,ORDERED with align,21,4,0.31666666666666665,ORDERED with align
19,4,0.4761904761904762,ORDERED with align,22,5,0.5035714285714286,ORDERED with align,22,5,0.5035714285714286,ORDERED with align,19,4,0.4761904761904762,ORDERED with align,19,4,0.4761904761904762,ORDERED with align,2,0,1.0,ORDERED with align,19,4,0.4761904761904762,ORDERED with align,9,3,0.8321428571428571,ORDERED with align,19,4,0.4761904761904762,ORDERED with align
2,0,1.0,ORDERED with align,16,3,0.6333333333333333,ORDERED with align,24,3,0.4175824175824176,ORDERED with align,2,0,1.0,ORDERED with align,2,0,1.0,ORDERED with align,16,3,0.6333333333333333,ORDERED with align,2,0,1.0,ORDERED with align,5,0,1.0,ORDERED with align,2,0,1.0,ORDERED with align
21,8,0.38421052631578945,ORDERED with align,21,8,0.38421052631578945,ORDERED with align,22,3,0.5952380952380953,ORDERED with align,21,8,0.38421052631578945,ORDERED with align,21,8,0.38421052631578945,ORDERED with align,23,7,0.6764705882352942,ORDERED with align,21,8,0.38421052631578945,ORDERED with align,7,3,0.9454545454545454,ORDERED with align,21,8,0.38421052631578945,ORDERED with align
7,4,0.3571428571428572,ORDERED with align,7,4,0.3571428571428572,ORDERED with align,7,4,0.3571428571428572,ORDERED with align,7,4,0.3571428571428572,ORDERED with align,7,4,0.3571428571428572,ORDERED with align,7,4,0.3571428571428572,ORDERED with align,7,4,0.3571428571428572,ORDERED with align,4,0,1.0,ORDERED with align,7,4,0.3571428571428572,ORDERED with align
33,9,0.5622529644268774,ORDERED with align,33,9,0.5622529644268774,ORDERED with align,33,9,0.5622529644268774,ORDERED with align,33,9,0.5622529644268774,ORDERED with align,33,9,0.5622529644268774,ORDERED with align,33,9,0.5622529644268774,ORDERED with align,33,9,0.5622529644268774,ORDERED with align,5,1,0.9488636363636365,ORDERED with align,33,9,0.5622529644268774,ORDERED with align
29,9,0.6090225563909774,ORDERED with align,29,9,0.6090225563909774,ORDERED with align,29,9,0.6090225563909774,ORDERED with align,29,9,0.6090225563909774,ORDERED with align,29,9,0.6090225563909774,ORDERED with align,29,9,0.6090225563909774,ORDERED with align,3,1,0.9939516129032261,ORDERED with align,12,8,0.9590964590964591,ORDERED with align,29,9,0.6090225563909774,ORDERED with align
25,9,0.5025974025974026,ORDERED with align,25,9,0.5025974025974026,ORDERED with align,25,9,0.5025974025974026,ORDERED with align,25,9,0.5025974025974026,ORDERED with align,25,9,0.5025974025974026,ORDERED with align,25,9,0.5025974025974026,ORDERED with align,1,0,1.0,ORDERED with align,0,0,1.0,ORDERED with align,25,9,0.5025974025974026,ORDERED with align
18,2,0.5357142857142858,ORDERED with align,18,2,0.5357142857142858,ORDERED with align,18,2,0.5357142857142858,ORDERED with align,18,2,0.5357142857142858,ORDERED with align,18,2,0.5357142857142858,ORDERED with align,18,2,0.5357142857142858,ORDERED with align,18,2,0.5357142857142858,ORDERED with align,4,1,0.39999999999999997,ORDERED with align,18,2,0.5357142857142858,ORDERED with align
20,7,0.7392857142857142,ORDERED with align,20,7,0.7392857142857142,ORDERED with align,20,7,0.7392857142857142,ORDERED with align,20,7,0.7392857142857142,ORDERED with align,20,7,0.7392857142857142,ORDERED with align,20,7,0.7392857142857142,ORDERED with align,31,10,0.012280701754385965,ORDERED with align,4,1,0.9979360165118679,ORDERED with align,31,10,0.02456140350877193,ORDERED with align
26,17,0.2998712998712999,ORDERED with align,26,17,0.2998712998712999,ORDERED with align,26,18,0.25405405405405407,ORDERED with align,26,17,0.2998712998712999,ORDERED with align,26,18,0.25405405405405407,ORDERED with align,26,17,0.2998712998712999,ORDERED with align,32,8,0.17647058823529413,ORDERED with align,4,1,0.9935828877005346,ORDERED with align,32,8,0.17647058823529413,ORDERED with align
18,5,0.018181818181818184,ORDERED with align,18,5,0.018181818181818184,ORDERED with align,18,5,0.018181818181818184,ORDERED with align,18,5,0.018181818181818184,ORDERED with align,18,5,0.018181818181818184,ORDERED with align,31,10,0.057894736842105256,ORDERED with align,18,5,0.018181818181818184,ORDERED with align,3,0,1.0,ORDERED with align,18,5,0.018181818181818184,ORDERED with align
31,13,0.5217741935483872,ORDERED with align,34,2,0.7999999999999999,ORDERED with align,31,13,0.5217741935483872,ORDERED with align,31,13,0.5217741935483872,ORDERED with align,31,13,0.5217741935483872,ORDERED with align,31,8,0.25902992776057787,ORDERED with align,31,13,0.5217741935483872,ORDERED with align,20,6,0.6584415584415585,ORDERED with align,31,13,0.5217741935483872,ORDERED with align
18,3,0.3571428571428572,ORDERED with align,32,10,0.28421052631578947,ORDERED with align,18,3,0.3571428571428572,ORDERED with align,1,0,1.0,ORDERED with align,18,3,0.3571428571428572,ORDERED with align,21,5,0.2529411764705882,ORDERED with align,18,3,0.3571428571428572,ORDERED with align,10,0,0.9999999999999999,ORDERED with align,18,3,0.3571428571428572,ORDERED with align
19,5,0.5636363636363636,ORDERED with align,19,5,0.5636363636363636,ORDERED with align,19,5,0.5636363636363636,ORDERED with align,11,4,0.2380952380952381,ORDERED with align,19,5,0.5636363636363636,ORDERED with align,11,4,0.2380952380952381,ORDERED with align,19,5,0.5636363636363636,ORDERED with align,8,0,1.0,ORDERED with align,19,5,0.5636363636363636,ORDERED with align
2,0,1.0,ORDERED with align,2,0,1.0,ORDERED with align,32,8,0.17058823529411765,ORDERED with align,2,0,1.0,ORDERED with align,2,0,1.0,ORDERED with align,32,8,0.17058823529411765,ORDERED with align,2,0,1.0,ORDERED with align,5,3,-0.5868131868131868,ORDERED with align,32,8,0.17058823529411765,ORDERED with align
32,11,0.38565782044042923,ORDERED with align,32,11,0.38565782044042923,ORDERED with align,22,6,0.35294117647058826,ORDERED with align,32,11,0.38565782044042923,ORDERED with align,32,11,0.38565782044042923,ORDERED with align,22,3,0.10000000000000002,ORDERED with align,32,11,0.38565782044042923,ORDERED with align,7,4,0.9751552795031055,ORDERED with align,22,6,0.35294117647058826,ORDERED with align
21,8,0.5984962406015037,ORDERED with align,21,4,-0.09090909090909088,ORDERED with align,21,4,-0.09090909090909088,ORDERED with align,21,4,-0.09090909090909088,ORDERED with align,21,4,-0.09090909090909088,ORDERED with align,20,10,0.033766233766233764,ORDERED with align,21,4,-0.09090909090909088,ORDERED with align,4,3,0.9559570863918693,ORDERED with align,21,4,-0.09090909090909088,ORDERED with align
9,2,0.9047619047619048,ORDERED with align,23,5,-0.11904761904761905,ORDERED with align,20,2,0.3333333333333334,ORDERED with align,23,5,-0.11904761904761905,ORDERED with align,23,5,-0.11904761904761905,ORDERED with align,9,2,0.9047619047619048,ORDERED with align,23,5,-0.11904761904761905,ORDERED with align,4,0,1.0,ORDERED with align,22,4,-0.261904761904762,ORDERED with align
21,3,-0.2142857142857143,ORDERED with align,21,3,-0.2142857142857143,ORDERED with align,22,3,-0.2142857142857143,ORDERED with align,21,3,-0.2142857142857143,ORDERED with align,21,3,-0.2142857142857143,ORDERED with align,21,3,-0.2142857142857143,ORDERED with align,21,3,-0.2142857142857143,ORDERED with align,3,1,0.9,ORDERED with align,21,3,-0.2142857142857143,ORDERED with align
20,5,0.04195804195804196,ORDERED with align,20,5,0.04195804195804196,ORDERED with align,20,5,0.04195804195804196,ORDERED with align,20,5,0.04195804195804196,ORDERED with align,20,5,0.04195804195804196,ORDERED with align,20,5,0.04195804195804196,ORDERED with align,20,5,0.04195804195804196,ORDERED with align,2,1,0.9991304347826085,ORDERED with align,20,5,0.04195804195804196,ORDERED with align
24,9,0.4541353383458646,ORDERED with align,23,5,0.0,ORDERED with align,23,5,0.0,ORDERED with align,24,9,0.4541353383458646,ORDERED with align,23,5,0.0,ORDERED with align,23,5,0.0,ORDERED with align,23,5,0.0,ORDERED with align,11,2,0.9958720330237358,ORDERED with align,25,8,0.6666666666666666,ORDERED with align
14,3,0.880952380952381,ORDERED with align,20,5,0.3272727272727273,ORDERED with align,20,5,0.3272727272727273,ORDERED with align,14,3,0.880952380952381,ORDERED with align,20,5,0.3272727272727273,ORDERED with align,20,5,0.3272727272727273,ORDERED with align,20,5,0.3272727272727273,ORDERED with align,4,3,0.6783216783216784,ORDERED with align,14,3,0.880952380952381,ORDERED with align
22,3,-0.2606060606060606,ORDERED with align,22,3,-0.2606060606060606,ORDERED with align,22,3,-0.2606060606060606,ORDERED with align,22,3,-0.2606060606060606,ORDERED with align,22,3,-0.2606060606060606,ORDERED with align,22,3,-0.2606060606060606,ORDERED with align,22,3,-0.2606060606060606,ORDERED with align,6,0,0.9999999999999999,ORDERED with align,22,3,-0.2606060606060606,ORDERED with align
36,9,0.44155844155844154,ORDERED with align,37,8,0.3021978021978022,ORDERED with align,36,9,0.44155844155844154,ORDERED with align,37,8,0.3021978021978022,ORDERED with align,36,9,0.44155844155844154,ORDERED with align,37,8,0.3021978021978022,ORDERED with align,36,9,0.44155844155844154,ORDERED with align,10,5,0.9851540616246499,ORDERED with align,36,9,0.44155844155844154,ORDERED with align
24,10,0.29705882352941176,ORDERED with align,1,0,0.9999999999999999,ORDERED with align,24,5,0.6648351648351648,ORDERED with align,24,10,0.29705882352941176,ORDERED with align,24,5,0.6648351648351648,ORDERED with align,1,0,0.9999999999999999,ORDERED with align,24,5,0.6648351648351648,ORDERED with align,8,1,0.9849624060150375,ORDERED with align,24,5,0.6648351648351648,ORDERED with align
21,4,0.8021978021978022,ORDERED with align,27,4,0.6318681318681317,ORDERED with align,27,4,0.6318681318681317,ORDERED with align,28,8,0.7035087719298245,ORDERED with align,27,4,0.6318681318681317,ORDERED with align,2,0,1.0,ORDERED with align,27,4,0.6318681318681317,ORDERED with align,8,1,0.985294117647059,ORDERED with align,27,4,0.6318681318681317,ORDERED with align
22,7,0.6151960784313726,ORDERED with align,34,7,0.2263157894736842,ORDERED with align,32,6,0.524561403508772,ORDERED with align,32,6,0.524561403508772,ORDERED with align,22,7,0.6151960784313726,ORDERED with align,3,0,1.0,ORDERED with align,22,7,0.6151960784313726,ORDERED with align,11,2,0.988235294117647,ORDERED with align,22,7,0.6151960784313726,ORDERED with align
35,11,0.44957264957264953,ORDERED with align,8,3,0.8238283455674761,ORDERED with align,24,13,0.2505982905982906,ORDERED with align,23,9,0.575381140598532,ORDERED with align,33,12,0.43247863247863244,ORDERED with align,35,11,0.44957264957264953,ORDERED with align,33,12,0.43247863247863244,ORDERED with align,3,0,0.9999999999999998,ORDERED with align,33,12,0.43247863247863244,ORDERED with align
12,5,0.21818181818181823,ORDERED with align,12,5,0.21818181818181823,ORDERED with align,12,5,0.21818181818181823,ORDERED with align,12,5,0.21818181818181823,ORDERED with align,21,5,0.2912087912087912,ORDERED with align,21,5,0.2912087912087912,ORDERED with align,21,5,0.2912087912087912,ORDERED with align,0,0,1.0,ORDERED with align,12,5,0.21818181818181823,ORDERED with align
19,10,0.2648221343873518,ORDERED with align,20,9,0.6984754376058724,ORDERED with align,19,10,0.2648221343873518,ORDERED with align,20,9,0.6984754376058724,ORDERED with align,19,5,0.1258741258741259,ORDERED with align,19,5,0.1258741258741259,ORDERED with align,1,0,1.0,ORDERED with align,1,0,1.0,ORDERED with align,19,10,0.2648221343873518,ORDERED with align
20,5,0.02727272727272728,ORDERED with align,20,5,0.02727272727272728,ORDERED with align,20,5,0.02727272727272728,ORDERED with align,20,6,0.2797202797202798,ORDERED with align,20,5,0.02727272727272728,ORDERED with align,20,5,0.02727272727272728,ORDERED with align,11,3,-0.6571428571428573,ORDERED with align,2,0,1.0,ORDERED with align,20,5,0.02727272727272728,ORDERED with align
21,3,0.08571428571428573,ORDERED with align,21,3,0.08571428571428573,ORDERED with align,21,3,0.08571428571428573,ORDERED with align,21,3,0.08571428571428573,ORDERED with align,21,3,0.08571428571428573,ORDERED with align,21,3,0.08571428571428573,ORDERED with align,18,3,0.6923076923076924,ORDERED with align,5,1,0.9736842105263157,ORDERED with align,21,3,0.08571428571428573,ORDERED with align
40,4,-0.43030303030303024,ORDERED with align,40,4,-0.43030303030303024,ORDERED with align,40,4,-0.43030303030303024,ORDERED with align,40,4,-0.43030303030303024,ORDERED with align,40,4,-0.43030303030303024,ORDERED with align,40,4,-0.43030303030303024,ORDERED with align,40,4,-0.43030303030303024,ORDERED with align,14,14,0.7165991902834008,ORDERED with align,40,4,-0.43030303030303024,ORDERED with align
20,3,-0.2571428571428572,ORDERED with align,20,3,-0.2571428571428572,ORDERED with align,21,3,-0.028571428571428574,ORDERED with align,20,3,-0.2571428571428572,ORDERED with align,14,1,0.7,ORDERED with align,21,3,-0.028571428571428574,ORDERED with align,21,3,-0.028571428571428574,ORDERED with align,0,0,1.0,ORDERED with align,21,3,-0.028571428571428574,ORDERED with align
15,4,0.5393939393939393,ORDERED with align,15,4,-0.04242424242424241,ORDERED with align,20,3,-0.41666666666666663,ORDERED with align,15,4,-0.04242424242424241,ORDERED with align,20,5,-0.6969696969696969,ORDERED with align,15,4,0.5393939393939393,ORDERED with align,15,4,0.5393939393939393,ORDERED with align,0,0,0.9999999999999999,ORDERED with align,15,4,0.5393939393939393,ORDERED with align
3,0,1.0,ORDERED with align,3,0,1.0,ORDERED with align,14,7,0.8647058823529412,ORDERED with align,18,7,0.45294117647058824,ORDERED with align,3,0,1.0,ORDERED with align,3,0,1.0,ORDERED with align,3,0,1.0,ORDERED with align,2,1,0.9938080495356036,ORDERED with align,3,0,1.0,ORDERED with align
17,5,0.6043956043956044,ORDERED with align,16,7,0.48571428571428565,ORDERED with align,16,7,0.48571428571428565,ORDERED with align,18,5,0.5164835164835164,ORDERED with align,16,7,0.48571428571428565,ORDERED with align,16,7,0.48571428571428565,ORDERED with align,16,7,0.48571428571428565,ORDERED with align,2,0,1.0,ORDERED with align,16,7,0.48571428571428565,ORDERED with align
21,7,0.4647058823529412,ORDERED with align,21,7,0.05054945054945055,ORDERED with align,21,6,0.2527472527472528,ORDERED with align,20,8,0.3037593984962406,ORDERED with align,21,7,0.05054945054945055,ORDERED with align,21,6,0.2527472527472528,ORDERED with align,21,6,0.2527472527472528,ORDERED with align,2,0,1.0,ORDERED with align,21,7,0.05054945054945055,ORDERED with align
21,7,0.7098901098901099,ORDERED with align,37,6,0.5323529411764706,ORDERED with align,21,7,0.7098901098901099,ORDERED with align,21,7,0.7098901098901099,ORDERED with align,21,7,0.7098901098901099,ORDERED with align,21,7,0.7098901098901099,ORDERED with align,21,7,0.7098901098901099,ORDERED with align,3,0,1.0,ORDERED with align,21,7,0.7098901098901099,ORDERED with align
39,5,0.6351648351648352,ORDERED with align,20,5,0.4450549450549451,ORDERED with align,39,5,0.6351648351648352,ORDERED with align,39,5,0.6351648351648352,ORDERED with align,39,5,0.6351648351648352,ORDERED with align,39,5,0.6351648351648352,ORDERED with align,39,5,0.6351648351648352,ORDERED with align,1,0,1.0,ORDERED with align,39,5,0.6351648351648352,ORDERED with align
1,0,1.0,ORDERED with align,15,4,0.5164835164835165,ORDERED with align,1,0,1.0,ORDERED with align,1,0,1.0,ORDERED with align,15,4,0.5164835164835165,ORDERED with align,1,0,1.0,ORDERED with align,1,0,1.0,ORDERED with align,3,0,1.0,ORDERED with align,1,0,1.0,ORDERED with align
27,6,-0.02857142857142857,ORDERED with align,31,8,0.34952004517221913,ORDERED with align,27,6,-0.02857142857142857,ORDERED with align,27,6,-0.02857142857142857,ORDERED with align,27,7,0.4070175438596491,ORDERED with align,27,6,-0.02857142857142857,ORDERED with align,27,6,-0.02857142857142857,ORDERED with align,15,0,1.0,ORDERED with align,27,6,-0.02857142857142857,ORDERED with align
12,6,0.4125874125874127,ORDERED with align,12,6,0.4125874125874127,ORDERED with align,12,6,0.4125874125874127,ORDERED with align,12,6,0.4125874125874127,ORDERED with align,12,6,0.4125874125874127,ORDERED with align,12,6,0.4125874125874127,ORDERED with align,12,6,0.4125874125874127,ORDERED with align,5,2,0.6868131868131868,ORDERED with align,12,6,0.4125874125874127,ORDERED with align
22,8,0.22352941176470587,ORDERED with align,22,8,0.22352941176470587,ORDERED with align,22,8,0.22352941176470587,ORDERED with align,22,8,0.22352941176470587,ORDERED with align,22,8,0.22352941176470587,ORDERED with align,22,8,0.22352941176470587,ORDERED with align,22,8,0.22352941176470587,ORDERED with align,13,4,0.3216783216783217,ORDERED with align,22,8,0.22352941176470587,ORDERED with align
23,7,0.11176470588235293,ORDERED with align,32,7,0.42156862745098045,ORDERED with align,23,7,0.11176470588235293,ORDERED with align,32,7,0.42156862745098045,ORDERED with align,23,7,0.11176470588235293,ORDERED with align,32,7,0.42156862745098045,ORDERED with align,23,7,0.11176470588235293,ORDERED with align,2,0,1.0,ORDERED with align,23,7,0.11176470588235293,ORDERED with align
31,6,-0.13736263736263735,ORDERED with align,22,6,0.8549450549450549,ORDERED with align,31,6,-0.13736263736263735,ORDERED with align,22,6,0.8549450549450549,ORDERED with align,31,6,-0.13736263736263735,ORDERED with align,22,6,0.8549450549450549,ORDERED with align,31,6,-0.13736263736263735,ORDERED with align,1,0,1.0,ORDERED with align,31,6,-0.13736263736263735,ORDERED with align
21,7,0.2524509803921569,ORDERED with align,23,5,0.4535714285714285,ORDERED with align,21,7,0.2524509803921569,ORDERED with align,21,7,0.2524509803921569,ORDERED with align,23,5,0.4535714285714285,ORDERED with align,23,5,0.4535714285714285,ORDERED with align,21,7,0.2524509803921569,ORDERED with align,4,0,1.0,ORDERED with align,21,7,0.2524509803921569,ORDERED with align
14,7,0.5073529411764706,ORDERED with align,1,0,1.0,ORDERED with align,14,7,0.5073529411764706,ORDERED with align,14,7,0.5073529411764706,ORDERED with align,1,0,1.0,ORDERED with align,1,0,1.0,ORDERED with align,14,7,0.5073529411764706,ORDERED with align,0,0,1.0,ORDERED with align,14,7,0.5073529411764706,ORDERED with align
18,5,0.5208791208791209,ORDERED with align,18,4,0.049999999999999996,ORDERED with align,18,5,0.5208791208791209,ORDERED with align,18,4,0.049999999999999996,ORDERED with align,18,5,0.5208791208791209,ORDERED with align,18,5,0.5208791208791209,ORDERED with align,18,5,0.5208791208791209,ORDERED with align,5,6,-0.05294117647058824,ORDERED with align,18,5,0.5208791208791209,ORDERED with align
22,4,0.5000000000000001,ORDERED with align,1,0,1.0,ORDERED with align,22,4,0.5000000000000001,ORDERED with align,1,0,1.0,ORDERED with align,22,4,0.5000000000000001,ORDERED with align,22,4,0.5000000000000001,ORDERED with align,22,4,0.5000000000000001,ORDERED with align,12,5,0.8285714285714284,ORDERED with align,22,4,0.5000000000000001,ORDERED with align
25,11,0.02631578947368421,ORDERED with align,22,3,0.7142857142857144,ORDERED with align,25,11,0.02631578947368421,ORDERED with align,25,11,0.02631578947368421,ORDERED with align,25,11,0.02631578947368421,ORDERED with align,25,11,0.02631578947368421,ORDERED with align,25,11,0.02631578947368421,ORDERED with align,4,0,1.0,ORDERED with align,25,11,0.02631578947368421,ORDERED with align
9,2,0.7500000000000002,ORDERED with align,27,4,0.2333333333333333,ORDERED with align,9,2,0.7500000000000002,ORDERED with align,9,2,0.7500000000000002,ORDERED with align,9,2,0.7500000000000002,ORDERED with align,9,2,0.7142857142857143,ORDERED with align,9,2,0.7500000000000002,ORDERED with align,2,0,1.0,ORDERED with align,9,2,0.7142857142857143,ORDERED with align
19,8,0.5909090909090908,ORDERED with align,19,8,0.5909090909090908,ORDERED with align,19,8,0.5909090909090908,ORDERED with align,19,8,0.5909090909090908,ORDERED with align,19,8,0.5909090909090908,ORDERED with align,19,8,0.5909090909090908,ORDERED with align,19,8,0.5909090909090908,ORDERED with align,2,0,1.0,ORDERED with align,19,8,0.5909090909090908,ORDERED with align
27,11,0.16205533596837948,ORDERED with align,27,11,0.16205533596837948,ORDERED with align,27,11,0.16205533596837948,ORDERED with align,27,11,0.16205533596837948,ORDERED with align,27,11,0.16205533596837948,ORDERED with align,27,11,0.16205533596837948,ORDERED with align,27,11,0.16205533596837948,ORDERED with align,0,0,1.0,ORDERED with align,27,11,0.16205533596837948,ORDERED with align
19,5,0.4727272727272727,ORDERED with align,1,0,1.0,ORDERED with align,19,5,0.4727272727272727,ORDERED with align,19,5,0.4727272727272727,ORDERED with align,19,5,0.4727272727272727,ORDERED with align,1,0,1.0,ORDERED with align,19,5,0.4727272727272727,ORDERED with align,3,0,1.0,ORDERED with align,19,5,0.4727272727272727,ORDERED with align
20,3,0.6571428571428573,ORDERED with align,9,2,-0.14285714285714288,ORDERED with align,20,3,0.6571428571428573,ORDERED with align,20,3,0.6571428571428573,ORDERED with align,20,3,0.6571428571428573,ORDERED with align,9,2,-0.14285714285714288,ORDERED with align,20,3,0.6571428571428573,ORDERED with align,0,0,1.0,ORDERED with align,20,3,0.6571428571428573,ORDERED with align
30,11,0.6206896551724138,ORDERED with align,30,11,0.6206896551724138,ORDERED with align,30,11,0.6206896551724138,ORDERED with align,1,0,0.9999999999999999,ORDERED with align,30,11,0.6206896551724138,ORDERED with align,1,0,0.9999999999999999,ORDERED with align,30,11,0.6206896551724138,ORDERED with align,8,8,0.9419813902572524,ORDERED with align,30,11,0.6206896551724138,ORDERED with align
25,5,0.19999999999999998,ORDERED with align,27,4,0.3696969696969697,ORDERED with align,25,5,0.19999999999999998,ORDERED with align,16,3,0.33333333333333326,ORDERED with align,25,5,0.19999999999999998,ORDERED with align,16,3,0.33333333333333326,ORDERED with align,25,5,0.19999999999999998,ORDERED with align,7,3,0.09999999999999999,ORDERED with align,25,5,0.19999999999999998,ORDERED with align
29,7,0.002450980392156863,ORDERED with align,29,7,0.002450980392156863,ORDERED with align,29,7,0.002450980392156863,ORDERED with align,34,12,0.03503010399562124,ORDERED with align,29,7,0.002450980392156863,ORDERED with align,0,0,1.0,ORDERED with align,29,7,0.002450980392156863,ORDERED with align,14,2,0.9368421052631578,ORDERED with align,29,7,0.002450980392156863,ORDERED with align
26,8,-0.09068627450980393,ORDERED with align,24,8,0.6676986584107326,ORDERED with align,29,7,-0.02450980392156863,ORDERED with align,26,8,-0.09068627450980393,ORDERED with align,26,8,-0.09068627450980393,ORDERED with align,27,11,0.1736842105263158,ORDERED with align,26,8,-0.09068627450980393,ORDERED with align,10,4,-0.21678321678321683,ORDERED with align,29,7,-0.02450980392156863,ORDERED with align
23,13,0.5261538461538461,ORDERED with align,25,7,0.6321428571428571,ORDERED with align,23,13,0.5261538461538461,ORDERED with align,29,9,0.8389328063241107,ORDERED with align,23,13,0.5261538461538461,ORDERED with align,3,1,0.9994526546250683,ORDERED with align,23,13,0.5261538461538461,ORDERED with align,14,3,0.8470588235294119,ORDERED with align,23,13,0.5261538461538461,ORDERED with align
31,8,0.5636363636363637,ORDERED with align,34,11,0.5053642010163749,ORDERED with align,1,0,0.9999999999999998,ORDERED with align,27,9,0.5708639186900057,ORDERED with align,1,0,0.9999999999999998,ORDERED with align,24,8,0.3941176470588235,ORDERED with align,2,0,0.9999999999999998,ORDERED with align,2,2,0.9902319902319903,ORDERED with align,2,0,0.9999999999999998,ORDERED with align
23,5,0.7058823529411764,ORDERED with align,29,10,0.448051948051948,ORDERED with align,23,5,0.7058823529411764,ORDERED with align,29,10,0.448051948051948,ORDERED with align,29,10,0.448051948051948,ORDERED with align,3,1,0.9976923076923077,ORDERED with align,23,5,0.7058823529411764,ORDERED with align,23,3,0.04761904761904763,ORDERED with align,29,10,0.448051948051948,ORDERED with align
39,14,0.49655172413793097,ORDERED with align,38,12,0.5439316239316239,ORDERED with align,37,13,0.44827586206896547,ORDERED with align,37,6,0.22647058823529412,ORDERED with align,37,6,0.22647058823529412,ORDERED with align,39,16,0.5331143951833607,ORDERED with align,37,13,0.44827586206896547,ORDERED with align,18,3,0.9733333333333332,ORDERED with align,37,6,0.22647058823529412,ORDERED with align
16,3,0.261904761904762,ORDERED with align,17,9,0.5465686274509804,ORDERED with align,16,3,0.261904761904762,ORDERED with align,16,3,0.261904761904762,ORDERED with align,16,3,0.261904761904762,ORDERED with align,16,3,0.261904761904762,ORDERED with align,17,9,0.5465686274509804,ORDERED with align,11,5,0.7832167832167832,ORDERED with align,16,3,0.261904761904762,ORDERED with align
22,7,0.6947368421052632,ORDERED with align,23,5,-0.38333333333333336,ORDERED with align,22,7,0.6947368421052632,ORDERED with align,22,7,0.6947368421052632,ORDERED with align,22,7,0.6947368421052632,ORDERED with align,35,10,0.35826086956521735,ORDERED with align,23,5,-0.38333333333333336,ORDERED with align,7,1,0.9683794466403164,ORDERED with align,22,7,0.6947368421052632,ORDERED with align
26,6,0.6705882352941177,ORDERED with align,25,5,0.5882352941176471,ORDERED with align,26,6,0.6705882352941177,ORDERED with align,17,6,0.5678571428571427,ORDERED with align,16,6,0.3131868131868132,ORDERED with align,17,6,0.5678571428571427,ORDERED with align,16,6,0.3131868131868132,ORDERED with align,10,4,-0.5176470588235293,ORDERED with align,16,6,0.3131868131868132,ORDERED with align
14,3,0.7636363636363637,ORDERED with align,14,3,0.7636363636363637,ORDERED with align,13,4,0.7902097902097903,ORDERED with align,34,10,0.2735294117647059,ORDERED with align,23,6,0.5692307692307692,ORDERED with align,23,6,0.5692307692307692,ORDERED with align,36,9,0.3205882352941176,ORDERED with align,1,2,0.7,ORDERED with align,23,6,0.5692307692307692,ORDERED with align
25,7,0.4705882352941176,ORDERED with align,34,14,0.6480533926585095,ORDERED with align,34,14,0.6480533926585095,ORDERED with align,25,5,0.6538461538461539,ORDERED with align,25,7,0.4705882352941176,ORDERED with align,27,4,0.7832167832167832,ORDERED with align,26,13,0.5843478260869565,ORDERED with align,21,7,-0.07058823529411765,ORDERED with align,34,14,0.6480533926585095,ORDERED with align
38,5,0.43030303030303024,ORDERED with align,15,4,0.19047619047619052,ORDERED with align,15,4,0.19047619047619052,ORDERED with align,23,3,0.016666666666666666,ORDERED with align,38,5,0.43030303030303024,ORDERED with align,16,6,0.16363636363636364,ORDERED with align,15,4,0.19047619047619052,ORDERED with align,2,0,0.9999999999999999,ORDERED with align,15,4,0.19047619047619052,ORDERED with align
25,6,0.5034965034965035,ORDERED with align,25,6,0.5034965034965035,ORDERED with align,25,6,0.5034965034965035,ORDERED with align,25,6,0.5034965034965035,ORDERED with align,25,6,0.5034965034965035,ORDERED with align,25,6,0.5034965034965035,ORDERED with align,25,6,0.5034965034965035,ORDERED with align,5,0,1.0,ORDERED with align,25,6,0.5034965034965035,ORDERED with align
1,0,1.0,ORDERED with align,1,0,1.0,ORDERED with align,1,0,0.9999999999999998,ORDERED with align,26,6,0.0,ORDERED with align,1,0,1.0,ORDERED with align,27,5,-0.23076923076923078,ORDERED with align,27,5,-0.23076923076923078,ORDERED with align,10,5,-0.09782608695652174,ORDERED with align,1,0,0.9999999999999998,ORDERED with align
16,5,0.5034965034965035,ORDERED with align,0,0,1.0,ORDERED with align,16,5,0.5034965034965035,ORDERED with align,25,6,0.661764705882353,ORDERED with align,16,5,0.5034965034965035,ORDERED with align,26,8,0.5318627450980392,ORDERED with align,0,0,1.0,ORDERED with align,9,0,0.9999999999999999,ORDERED with align,16,5,0.5034965034965035,ORDERED with align
18,7,0.6838235294117648,ORDERED with align,3,0,1.0,ORDERED with align,18,7,0.6838235294117648,ORDERED with align,18,7,0.6838235294117648,ORDERED with align,18,7,0.6838235294117648,ORDERED with align,18,7,0.6838235294117648,ORDERED with align,3,0,1.0,ORDERED with align,2,2,0.8988648090815273,ORDERED with align,18,7,0.6838235294117648,ORDERED with align
24,9,0.5203007518796992,ORDERED with align,0,0,0.9999999999999999,ORDERED with align,24,9,0.5203007518796992,ORDERED with align,24,9,0.5203007518796992,ORDERED with align,24,9,0.5203007518796992,ORDERED with align,24,9,0.5203007518796992,ORDERED with align,26,12,0.44538461538461543,ORDERED with align,9,0,1.0,ORDERED with align,24,9,0.5203007518796992,ORDERED with align
1,0,1.0,ORDERED with align,1,0,1.0,ORDERED with align,1,0,1.0,ORDERED with align,1,0,1.0,ORDERED with align,21,4,-0.03571428571428572,ORDERED with align,1,0,1.0,ORDERED with align,1,0,1.0,ORDERED with align,6,2,0.9278195488721804,ORDERED with align,21,4,-0.03571428571428572,ORDERED with align
13,3,0.7500000000000002,ORDERED with align,13,3,0.7500000000000002,ORDERED with align,13,3,0.7500000000000002,ORDERED with align,25,6,-0.16083916083916086,ORDERED with align,20,6,-0.4545454545454545,ORDERED with align,25,4,0.3181818181818182,ORDERED with align,25,4,0.3181818181818182,ORDERED with align,2,2,0.8626373626373626,ORDERED with align,20,6,-0.4545454545454545,ORDERED with align
27,10,0.5402597402597402,ORDERED with align,1,0,0.9999999999999999,ORDERED with align,27,10,0.5402597402597402,ORDERED with align,27,10,0.5402597402597402,ORDERED with align,1,0,0.9999999999999999,ORDERED with align,28,3,0.3571428571428572,ORDERED with align,28,3,0.3571428571428572,ORDERED with align,7,2,0.9397233201581027,ORDERED with align,27,10,0.5402597402597402,ORDERED with align
22,12,0.3025974025974026,ORDERED with align,18,8,0.21428571428571427,ORDERED with align,22,12,0.3025974025974026,ORDERED with align,20,2,0.5714285714285715,ORDERED with align,24,7,0.6887254901960785,ORDERED with align,22,12,0.3025974025974026,ORDERED with align,22,12,0.3025974025974026,ORDERED with align,5,1,0.9954887218045112,ORDERED with align,22,12,0.3025974025974026,ORDERED with align
19,11,0.025799793601651185,ORDERED with align,19,11,0.025799793601651185,ORDERED with align,19,11,0.025799793601651185,ORDERED with align,19,11,0.025799793601651185,ORDERED with align,19,11,0.025799793601651185,ORDERED with align,19,11,0.025799793601651185,ORDERED with align,19,11,0.025799793601651185,ORDERED with align,5,0,1.0,ORDERED with align,19,11,0.025799793601651185,ORDERED with align
19,1,0.8999999999999998,ORDERED with align,19,1,0.8999999999999998,ORDERED with align,10,2,0.0,ORDERED with align,19,1,0.8999999999999998,ORDERED with align,18,1,0.8999999999999998,ORDERED with align,10,2,0.0,ORDERED with align,19,1,0.8999999999999998,ORDERED with align,0,0,1.0,ORDERED with align,18,1,0.8999999999999998,ORDERED with align
18,5,-0.11666666666666665,ORDERED with align,18,5,-0.11666666666666665,ORDERED with align,19,8,0.6526315789473683,ORDERED with align,18,5,-0.11666666666666665,ORDERED with align,18,5,-0.11666666666666665,ORDERED with align,19,8,0.6526315789473683,ORDERED with align,18,5,-0.11666666666666665,ORDERED with align,3,2,0.981424148606811,ORDERED with align,18,5,-0.11666666666666665,ORDERED with align
30,8,0.40389610389610386,ORDERED with align,30,8,0.40389610389610386,ORDERED with align,30,8,0.40389610389610386,ORDERED with align,30,8,0.40389610389610386,ORDERED with align,30,8,0.40389610389610386,ORDERED with align,30,8,0.40389610389610386,ORDERED with align,30,8,0.40389610389610386,ORDERED with align,14,6,0.9348659003831418,ORDERED with align,30,8,0.40389610389610386,ORDERED with align
18,7,0.6879120879120879,ORDERED with align,18,7,0.6879120879120879,ORDERED with align,18,7,0.6879120879120879,ORDERED with align,18,7,0.6879120879120879,ORDERED with align,18,7,0.6879120879120879,ORDERED with align,18,7,0.6879120879120879,ORDERED with align,18,7,0.6879120879120879,ORDERED with align,3,2,0.993984962406015,ORDERED with align,18,7,0.6879120879120879,ORDERED with align
9,3,0.4761904761904762,ORDERED with align,9,4,0.2380952380952381,ORDERED with align,9,3,0.4761904761904762,ORDERED with align,9,4,0.2380952380952381,ORDERED with align,9,3,0.4761904761904762,ORDERED with align,9,4,0.2380952380952381,ORDERED with align,9,3,0.4761904761904762,ORDERED with align,4,3,-1.0,ORDERED with align,9,3,0.4761904761904762,ORDERED with align
17,7,0.7181372549019608,ORDERED with align,17,7,0.7181372549019608,ORDERED with align,17,7,0.7181372549019608,ORDERED with align,19,7,0.13406593406593406,ORDERED with align,17,7,0.7181372549019608,ORDERED with align,17,7,0.7181372549019608,ORDERED with align,19,7,0.13406593406593406,ORDERED with align,6,2,-0.5549450549450549,ORDERED with align,17,7,0.7181372549019608,ORDERED with align
4,0,1.0,ORDERED with align,20,4,0.39560439560439564,ORDERED with align,4,0,1.0,ORDERED with align,22,8,-0.07739938080495357,ORDERED with align,4,0,1.0,ORDERED with align,4,0,1.0,ORDERED with align,22,8,-0.07739938080495357,ORDERED with align,8,3,0.9264705882352943,ORDERED with align,4,0,1.0,ORDERED with align
15,5,-0.14285714285714288,ORDERED with align,14,3,0.7666666666666667,ORDERED with align,37,4,0.18333333333333335,ORDERED with align,15,5,-0.14285714285714288,ORDERED with align,15,5,-0.14285714285714288,ORDERED with align,37,4,0.18333333333333335,ORDERED with align,15,5,-0.14285714285714288,ORDERED with align,4,0,1.0,ORDERED with align,15,5,-0.14285714285714288,ORDERED with align
37,15,0.33856951871657753,ORDERED with align,39,7,0.24705882352941175,ORDERED with align,38,7,0.4175824175824176,ORDERED with align,35,4,0.4265734265734266,ORDERED with align,35,4,0.4265734265734266,ORDERED with align,38,7,0.4175824175824176,ORDERED with align,35,4,0.4265734265734266,ORDERED with align,27,0,1.0,ORDERED with align,37,15,0.33856951871657753,ORDERED with align
15,3,0.8666666666666667,ORDERED with align,34,5,0.22727272727272727,ORDERED with align,15,3,0.8666666666666667,ORDERED with align,34,5,0.22727272727272727,ORDERED with align,34,5,0.22727272727272727,ORDERED with align,15,3,0.8666666666666667,ORDERED with align,34,5,0.22727272727272727,ORDERED with align,6,3,0.7696969696969697,ORDERED with align,15,3,0.8666666666666667,ORDERED with align
21,2,-0.19999999999999998,ORDERED with align,19,6,0.3382352941176471,ORDERED with align,21,2,-0.19999999999999998,ORDERED with align,21,2,-0.19999999999999998,ORDERED with align,21,2,-0.19999999999999998,ORDERED with align,21,2,-0.19999999999999998,ORDERED with align,21,2,-0.19999999999999998,ORDERED with align,3,0,1.0,ORDERED with align,21,2,-0.19999999999999998,ORDERED with align
13,4,0.8111888111888113,ORDERED with align,20,5,0.38181818181818183,ORDERED with align,20,5,0.38181818181818183,ORDERED with align,20,5,0.38181818181818183,ORDERED with align,13,4,0.8111888111888113,ORDERED with align,13,4,0.8111888111888113,ORDERED with align,13,4,0.8111888111888113,ORDERED with align,0,0,1.0,ORDERED with align,20,5,0.38181818181818183,ORDERED with align
21,6,0.5208791208791209,ORDERED with align,15,3,0.6,ORDERED with align,1,0,1.0,ORDERED with align,1,0,1.0,ORDERED with align,21,6,0.5208791208791209,ORDERED with align,21,6,0.5208791208791209,ORDERED with align,21,6,0.5208791208791209,ORDERED with align,1,1,0.9911764705882352,ORDERED with align,1,0,1.0,ORDERED with align
12,3,0.7142857142857143,ORDERED with align,12,3,0.7142857142857143,ORDERED with align,8,3,-0.7714285714285715,ORDERED with align,12,3,0.7142857142857143,ORDERED with align,12,3,0.7142857142857143,ORDERED with align,12,3,0.7142857142857143,ORDERED with align,12,3,0.7142857142857143,ORDERED with align,2,0,1.0,ORDERED with align,12,3,0.4285714285714286,ORDERED with align
12,4,-0.2121212121212121,ORDERED with align,12,4,-0.2121212121212121,ORDERED with align,1,0,1.0,ORDERED with align,12,4,-0.2121212121212121,ORDERED with align,12,4,-0.2121212121212121,ORDERED with align,13,4,-0.2833333333333333,ORDERED with align,12,4,-0.2121212121212121,ORDERED with align,0,0,1.0,ORDERED with align,13,4,-0.2833333333333333,ORDERED with align
38,4,-0.3,ORDERED with align,38,4,-0.3,ORDERED with align,38,4,-0.3,ORDERED with align,38,4,-0.3,ORDERED with align,38,4,-0.3,ORDERED with align,38,4,-0.3,ORDERED with align,38,4,-0.3,ORDERED with align,2,1,0.6606060606060605,ORDERED with align,38,4,-0.3,ORDERED with align
23,5,0.06666666666666665,ORDERED with align,23,5,0.06666666666666665,ORDERED with align,23,5,0.06666666666666665,ORDERED with align,23,5,0.06666666666666665,ORDERED with align,23,5,0.06666666666666665,ORDERED with align,23,5,0.06666666666666665,ORDERED with align,23,5,0.06666666666666665,ORDERED with align,6,3,0.8464144551101074,ORDERED with align,23,5,0.06666666666666665,ORDERED with align
24,8,0.5706914344685242,ORDERED with align,19,3,0.9020979020979022,ORDERED with align,24,8,0.5706914344685242,ORDERED with align,17,3,-0.42857142857142866,ORDERED with align,17,3,-0.42857142857142866,ORDERED with align,24,8,0.5706914344685242,ORDERED with align,24,8,0.5706914344685242,ORDERED with align,0,0,1.0,ORDERED with align,24,8,0.5706914344685242,ORDERED with align
8,3,0.4285714285714286,ORDERED with align,8,3,0.4285714285714286,ORDERED with align,21,4,-0.523809523809524,ORDERED with align,23,4,-0.28484848484848485,ORDERED with align,15,3,0.5714285714285715,ORDERED with align,8,3,0.4285714285714286,ORDERED with align,8,3,0.4285714285714286,ORDERED with align,7,2,0.9,ORDERED with align,8,3,0.4285714285714286,ORDERED with align
20,4,0.7412587412587414,ORDERED with align,22,4,0.6318681318681317,ORDERED with align,13,4,-0.14285714285714288,ORDERED with align,1,0,1.0,ORDERED with align,22,4,0.6318681318681317,ORDERED with align,1,0,1.0,ORDERED with align,1,0,1.0,ORDERED with align,4,2,-0.2606060606060606,ORDERED with align,1,0,1.0,ORDERED with align
16,6,0.006593406593406593,ORDERED with align,20,8,0.4382352941176471,ORDERED with align,16,6,0.006593406593406593,ORDERED with align,20,8,0.4382352941176471,ORDERED with align,20,8,0.4382352941176471,ORDERED with align,20,8,0.4382352941176471,ORDERED with align,20,8,0.4382352941176471,ORDERED with align,2,1,0.9422084623323013,ORDERED with align,20,8,0.4382352941176471,ORDERED with align
16,4,0.04761904761904763,ORDERED with align,19,3,0.42857142857142866,ORDERED with align,13,5,-0.09999999999999999,ORDERED with align,16,4,0.04761904761904763,ORDERED with align,13,5,-0.09999999999999999,ORDERED with align,16,4,0.04761904761904763,ORDERED with align,16,4,0.04761904761904763,ORDERED with align,2,0,1.0,ORDERED with align,16,4,0.04761904761904763,ORDERED with align
1,0,1.0,ORDERED with align,1,0,1.0,ORDERED with align,19,6,0.21678321678321683,ORDERED with align,1,0,1.0,ORDERED with align,19,6,0.21678321678321683,ORDERED with align,1,0,1.0,ORDERED with align,1,0,1.0,ORDERED with align,3,1,0.9790209790209792,ORDERED with align,1,0,1.0,ORDERED with align
34,7,-0.2735294117647059,ORDERED with align,34,7,-0.2735294117647059,ORDERED with align,34,7,-0.2735294117647059,ORDERED with align,32,10,0.43506493506493504,ORDERED with align,34,7,-0.2735294117647059,ORDERED with align,32,10,0.43506493506493504,ORDERED with align,34,7,-0.2735294117647059,ORDERED with align,15,6,0.8530769230769231,ORDERED with align,34,7,-0.2735294117647059,ORDERED with align
30,7,0.16315789473684209,ORDERED with align,30,7,0.16315789473684209,ORDERED with align,30,7,0.16315789473684209,ORDERED with align,29,5,-0.5076923076923077,ORDERED with align,30,7,0.16315789473684209,ORDERED with align,29,5,-0.5076923076923077,ORDERED with align,30,7,0.16315789473684209,ORDERED with align,5,1,0.9955506117908787,ORDERED with align,30,7,0.16315789473684209,ORDERED with align
30,9,0.5900621118012424,ORDERED with align,32,15,0.19959677419354843,ORDERED with align,31,14,0.2681992337164751,ORDERED with align,31,14,0.2681992337164751,ORDERED with align,30,9,0.5900621118012424,ORDERED with align,31,14,0.2681992337164751,ORDERED with align,30,10,0.7526821005081875,ORDERED with align,6,1,0.9674876847290638,ORDERED with align,30,10,0.7526821005081875,ORDERED with align
31,9,-0.2260061919504644,ORDERED with align,22,9,0.45304437564499483,ORDERED with align,23,8,0.3186274509803922,ORDERED with align,24,8,0.232843137254902,ORDERED with align,31,9,-0.2260061919504644,ORDERED with align,23,8,0.3186274509803922,ORDERED with align,31,9,-0.2260061919504644,ORDERED with align,10,2,0.2657342657342658,ORDERED with align,31,9,-0.2260061919504644,ORDERED with align
29,10,0.03739130434782608,ORDERED with align,31,13,-0.6168831168831169,ORDERED with align,29,10,0.03739130434782608,ORDERED with align,29,10,0.03739130434782608,ORDERED with align,29,10,0.03739130434782608,ORDERED with align,29,10,0.03739130434782608,ORDERED with align,29,10,0.03739130434782608,ORDERED with align,5,3,0.9480519480519479,ORDERED with align,29,10,0.03739130434782608,ORDERED with align
20,5,0.46153846153846156,ORDERED with align,22,6,0.5780219780219781,ORDERED with align,20,5,0.46153846153846156,ORDERED with align,20,5,0.46153846153846156,ORDERED with align,20,5,0.46153846153846156,ORDERED with align,20,5,0.46153846153846156,ORDERED with align,20,5,0.46153846153846156,ORDERED with align,1,0,1.0,ORDERED with align,20,5,0.46153846153846156,ORDERED with align
17,8,0.5823529411764706,ORDERED with align,17,8,0.5823529411764706,ORDERED with align,17,8,0.5823529411764706,ORDERED with align,17,8,0.5823529411764706,ORDERED with align,17,8,0.5823529411764706,ORDERED with align,17,8,0.5823529411764706,ORDERED with align,17,8,0.5823529411764706,ORDERED with align,2,0,1.0,ORDERED with align,17,8,0.5823529411764706,ORDERED with align
31,9,0.019607843137254905,ORDERED with align,31,9,0.019607843137254905,ORDERED with align,31,9,0.019607843137254905,ORDERED with align,31,9,0.019607843137254905,ORDERED with align,31,9,0.019607843137254905,ORDERED with align,31,9,0.019607843137254905,ORDERED with align,31,9,0.019607843137254905,ORDERED with align,1,0,1.0,ORDERED with align,31,9,0.019607843137254905,ORDERED with align
20,3,-0.04761904761904763,ORDERED with align,20,3,0.14285714285714288,ORDERED with align,20,3,0.14285714285714288,ORDERED with align,21,7,0.25274725274725274,ORDERED with align,20,3,0.14285714285714288,ORDERED with align,20,3,0.14285714285714288,ORDERED with align,20,3,0.14285714285714288,ORDERED with align,12,7,-0.1961038961038961,ORDERED with align,20,3,0.14285714285714288,ORDERED with align
16,8,0.3758241758241759,ORDERED with align,16,7,0.3538461538461538,ORDERED with align,16,8,0.3758241758241759,ORDERED with align,21,10,0.17719298245614035,ORDERED with align,16,7,0.3538461538461538,ORDERED with align,16,8,0.3758241758241759,ORDERED with align,16,8,0.3758241758241759,ORDERED with align,3,0,1.0,ORDERED with align,16,8,0.3758241758241759,ORDERED with align
21,7,0.03846153846153846,ORDERED with align,18,6,0.16483516483516483,ORDERED with align,21,7,0.03846153846153846,ORDERED with align,10,4,0.7619047619047621,ORDERED with align,21,7,0.03846153846153846,ORDERED with align,21,7,0.03846153846153846,ORDERED with align,21,7,0.03846153846153846,ORDERED with align,0,0,1.0,ORDERED with align,21,7,0.03846153846153846,ORDERED with align
20,3,0.1666666666666667,ORDERED with align,20,3,-0.04761904761904763,ORDERED with align,20,3,0.1666666666666667,ORDERED with align,20,2,0.28571428571428575,ORDERED with align,20,3,0.1666666666666667,ORDERED with align,20,3,0.1666666666666667,ORDERED with align,20,3,0.1666666666666667,ORDERED with align,1,0,1.0,ORDERED with align,20,3,0.1666666666666667,ORDERED with align
21,11,0.2930547713156409,ORDERED with align,21,11,0.2930547713156409,ORDERED with align,21,11,0.2930547713156409,ORDERED with align,2,1,0.9953846153846154,ORDERED with align,21,11,0.2930547713156409,ORDERED with align,21,11,0.2930547713156409,ORDERED with align,21,11,0.2930547713156409,ORDERED with align,7,4,0.7842105263157895,ORDERED with align,21,11,0.2930547713156409,ORDERED with align
25,7,0.5157894736842105,ORDERED with align,20,7,0.43736263736263736,ORDERED with align,25,7,0.5157894736842105,ORDERED with align,20,8,0.3721061547148504,ORDERED with align,25,7,0.5157894736842105,ORDERED with align,25,7,0.5157894736842105,ORDERED with align,20,7,0.43736263736263736,ORDERED with align,12,6,0.007352941176470588,ORDERED with align,25,7,0.5157894736842105,ORDERED with align
24,7,0.6,ORDERED with align,22,10,0.52,ORDERED with align,24,7,0.6,ORDERED with align,24,7,0.6,ORDERED with align,24,7,0.6,ORDERED with align,24,7,0.6,ORDERED with align,22,10,0.52,ORDERED with align,5,1,0.9966120835686054,ORDERED with align,24,7,0.6,ORDERED with align
24,7,0.5264705882352941,ORDERED with align,24,6,0.538235294117647,ORDERED with align,24,7,0.5264705882352941,ORDERED with align,24,7,0.5264705882352941,ORDERED with align,24,7,0.5264705882352941,ORDERED with align,24,7,0.5264705882352941,ORDERED with align,24,7,0.5264705882352941,ORDERED with align,5,2,-0.5174825174825175,ORDERED with align,24,7,0.5264705882352941,ORDERED with align
20,5,-0.13636363636363638,ORDERED with align,24,9,0.19705882352941176,ORDERED with align,20,5,-0.13636363636363638,ORDERED with align,3,0,1.0,ORDERED with align,20,5,-0.13636363636363638,ORDERED with align,3,0,1.0,ORDERED with align,20,5,-0.13636363636363638,ORDERED with align,0,0,1.0,ORDERED with align,20,5,-0.13636363636363638,ORDERED with align
24,8,0.36785714285714277,ORDERED with align,20,6,0.45054945054945056,ORDERED with align,24,8,0.36785714285714277,ORDERED with align,27,8,0.6558823529411765,ORDERED with align,24,8,0.36785714285714277,ORDERED with align,0,0,1.0,ORDERED with align,24,8,0.36785714285714277,ORDERED with align,2,0,1.0,ORDERED with align,24,8,0.36785714285714277,ORDERED with align
21,9,0.612280701754386,ORDERED with align,21,10,0.0823529411764706,ORDERED with align,20,8,0.5714285714285714,ORDERED with align,20,8,0.5714285714285714,ORDERED with align,20,8,0.5714285714285714,ORDERED with align,1,0,1.0,ORDERED with align,21,9,0.612280701754386,ORDERED with align,0,0,1.0,ORDERED with align,21,9,0.612280701754386,ORDERED with align
19,5,0.18881118881118883,ORDERED with align,19,5,0.18881118881118883,ORDERED with align,19,5,0.18881118881118883,ORDERED with align,13,2,-0.2380952380952381,ORDERED with align,19,5,0.18881118881118883,ORDERED with align,1,1,0.945054945054945,ORDERED with align,19,5,0.18881118881118883,ORDERED with align,5,2,-0.18787878787878787,ORDERED with align,19,5,0.18881118881118883,ORDERED with align
17,3,-0.10714285714285716,ORDERED with align,17,3,-0.10714285714285716,ORDERED with align,17,3,-0.10714285714285716,ORDERED with align,17,3,0.9020979020979022,ORDERED with align,17,3,-0.10714285714285716,ORDERED with align,17,3,-0.10714285714285716,ORDERED with align,17,3,-0.10714285714285716,ORDERED with align,9,3,0.41208791208791207,ORDERED with align,17,3,-0.10714285714285716,ORDERED with align
24,11,0.2571428571428572,ORDERED with align,24,11,0.2571428571428572,ORDERED with align,24,11,0.2571428571428572,ORDERED with align,24,11,0.2571428571428572,ORDERED with align,24,11,0.2571428571428572,ORDERED with align,24,11,0.2571428571428572,ORDERED with align,24,11,0.2571428571428572,ORDERED with align,13,3,0.9052631578947368,ORDERED with align,24,11,0.2571428571428572,ORDERED with align
2,0,1.0,ORDERED with align,2,0,1.0,ORDERED with align,2,0,1.0,ORDERED with align,2,0,1.0,ORDERED with align,2,0,1.0,ORDERED with align,2,0,1.0,ORDERED with align,2,0,1.0,ORDERED with align,5,1,-0.4303405572755417,ORDERED with align,2,0,1.0,ORDERED with align
10,4,0.6428571428571429,ORDERED with align,10,2,0.1785714285714286,ORDERED with align,11,3,0.6666666666666669,ORDERED with align,10,2,0.1785714285714286,ORDERED with align,10,2,0.1785714285714286,ORDERED with align,23,2,-0.09999999999999999,ORDERED with align,11,3,0.6666666666666669,ORDERED with align,0,0,1.0,ORDERED with align,11,3,0.6666666666666669,ORDERED with align
18,4,-0.5515151515151515,ORDERED with align,22,12,0.5948051948051949,ORDERED with align,18,4,-0.5515151515151515,ORDERED with align,22,12,0.5948051948051949,ORDERED with align,19,4,-0.29090909090909095,ORDERED with align,20,4,-0.24848484848484845,ORDERED with align,18,4,-0.5515151515151515,ORDERED with align,3,3,0.6467532467532467,ORDERED with align,18,4,-0.5515151515151515,ORDERED with align
19,11,0.6272727272727273,ORDERED with align,22,4,0.5757575757575757,ORDERED with align,19,11,0.6272727272727273,ORDERED with align,22,5,0.7181818181818183,ORDERED with align,19,11,0.6272727272727273,ORDERED with align,22,3,0.5757575757575757,ORDERED with align,20,6,-0.12727272727272726,ORDERED with align,4,0,1.0,ORDERED with align,19,11,0.6272727272727273,ORDERED with align
10,3,0.26666666666666666,ORDERED with align,10,3,0.26666666666666666,ORDERED with align,10,3,0.26666666666666666,ORDERED with align,10,3,0.26666666666666666,ORDERED with align,10,3,0.26666666666666666,ORDERED with align,10,3,0.26666666666666666,ORDERED with align,27,3,0.6333333333333333,ORDERED with align,0,0,0.9999999999999999,ORDERED with align,10,3,0.26666666666666666,ORDERED with align
20,5,-0.30000000000000004,ORDERED with align,22,4,0.2606060606060606,ORDERED with align,23,5,0.13939393939393938,ORDERED with align,20,4,-0.03636363636363637,ORDERED with align,23,5,0.13939393939393938,ORDERED with align,23,5,0.13939393939393938,ORDERED with align,23,5,0.13939393939393938,ORDERED with align,6,3,0.39999999999999997,ORDERED with align,20,4,-0.006060606060606061,ORDERED with align
18,3,-0.11818181818181818,ORDERED with align,17,3,0.11515151515151514,ORDERED with align,17,4,-0.22424242424242422,ORDERED with align,19,3,-0.009090909090909092,ORDERED with align,17,4,-0.22424242424242422,ORDERED with align,17,4,0.12727272727272726,ORDERED with align,17,4,-0.22424242424242422,ORDERED with align,0,0,1.0,ORDERED with align,18,3,-0.11818181818181818,ORDERED with align
34,6,0.23956043956043957,ORDERED with align,34,6,0.23956043956043957,ORDERED with align,34,6,0.23956043956043957,ORDERED with align,34,6,0.23956043956043957,ORDERED with align,34,6,0.23956043956043957,ORDERED with align,34,6,0.23956043956043957,ORDERED with align,34,6,0.23956043956043957,ORDERED with align,24,4,0.6214285714285712,ORDERED with align,34,6,0.23956043956043957,ORDERED with align
1,0,1.0,ORDERED with align,1,0,1.0,ORDERED with align,21,4,0.6121212121212121,ORDERED with align,1,0,1.0,ORDERED with align,21,4,0.6121212121212121,ORDERED with align,1,0,1.0,ORDERED with align,21,4,0.6121212121212121,ORDERED with align,0,0,0.9999999999999999,ORDERED with align,1,0,1.0,ORDERED with align
13,3,0.3696969696969697,ORDERED with align,13,3,0.3696969696969697,ORDERED with align,20,4,0.410989010989011,ORDERED with align,13,3,0.3696969696969697,ORDERED with align,20,4,0.410989010989011,ORDERED with align,13,3,0.3696969696969697,ORDERED with align,20,4,0.410989010989011,ORDERED with align,2,0,1.0,ORDERED with align,13,3,0.3696969696969697,ORDERED with align
20,13,0.7237606837606837,ORDERED with align,20,13,0.7237606837606837,ORDERED with align,20,13,0.7237606837606837,ORDERED with align,20,13,0.7237606837606837,ORDERED with align,20,13,0.7237606837606837,ORDERED with align,20,13,0.7237606837606837,ORDERED with align,20,13,0.7237606837606837,ORDERED with align,4,3,0.9377777777777777,ORDERED with align,20,13,0.7237606837606837,ORDERED with align
30,10,0.1922077922077922,ORDERED with align,1,0,1.0,ORDERED with align,1,0,1.0,ORDERED with align,1,0,1.0,ORDERED with align,1,0,1.0,ORDERED with align,1,0,1.0,ORDERED with align,30,10,0.1922077922077922,ORDERED with align,3,0,1.0,ORDERED with align,30,10,0.1922077922077922,ORDERED with align
22,7,0.5714285714285714,ORDERED with align,31,10,0.4591304347826086,ORDERED with align,24,8,0.6160361377752683,ORDERED with align,31,10,0.4591304347826086,ORDERED with align,31,10,0.4591304347826086,ORDERED with align,31,10,0.4591304347826086,ORDERED with align,22,7,0.5714285714285714,ORDERED with align,8,6,0.7289666854884248,ORDERED with align,22,7,0.5714285714285714,ORDERED with align
26,4,-0.48333333333333334,ORDERED with align,26,4,-0.48333333333333334,ORDERED with align,35,5,0.6666666666666667,ORDERED with align,26,4,-0.48333333333333334,ORDERED with align,26,4,-0.48333333333333334,ORDERED with align,26,4,-0.48333333333333334,ORDERED with align,26,4,-0.48333333333333334,ORDERED with align,1,0,0.9999999999999999,ORDERED with align,26,4,-0.48333333333333334,ORDERED with align
25,4,0.6181818181818182,ORDERED with align,25,6,0.5604395604395606,ORDERED with align,1,0,0.9999999999999998,ORDERED with align,25,6,0.5604395604395606,ORDERED with align,25,4,0.6181818181818182,ORDERED with align,25,6,0.5604395604395606,ORDERED with align,1,0,0.9999999999999998,ORDERED with align,3,0,0.9999999999999999,ORDERED with align,25,4,0.6181818181818182,ORDERED with align
23,7,-0.01547987616099071,ORDERED with align,23,7,-0.01547987616099071,ORDERED with align,19,4,0.38333333333333336,ORDERED with align,23,7,-0.01547987616099071,ORDERED with align,23,7,-0.01547987616099071,ORDERED with align,23,7,-0.01547987616099071,ORDERED with align,19,5,0.27272727272727276,ORDERED with align,4,0,1.0,ORDERED with align,23,7,-0.01547987616099071,ORDERED with align
1,0,1.0,ORDERED with align,1,0,1.0,ORDERED with align,1,0,1.0,ORDERED with align,1,0,1.0,ORDERED with align,1,0,1.0,ORDERED with align,1,0,1.0,ORDERED with align,1,0,1.0,ORDERED with align,1,0,1.0,ORDERED with align,1,0,1.0,ORDERED with align
14,4,0.35,ORDERED with align,14,4,0.35,ORDERED with align,20,5,-0.06666666666666667,ORDERED with align,14,4,0.48333333333333334,ORDERED with align,14,4,0.35,ORDERED with align,14,4,0.35,ORDERED with align,14,4,0.35,ORDERED with align,0,1,0.9790209790209792,ORDERED with align,20,5,-0.06666666666666667,ORDERED with align
18,5,0.05454545454545456,ORDERED with align,18,4,0.45454545454545453,ORDERED with align,1,0,1.0,ORDERED with align,18,5,0.05454545454545456,ORDERED with align,18,5,0.05454545454545456,ORDERED with align,18,5,0.05454545454545456,ORDERED with align,18,5,0.05454545454545456,ORDERED with align,1,1,0.9930069930069931,ORDERED with align,2,0,1.0,ORDERED with align
24,3,0.46363636363636374,ORDERED with align,24,3,0.46363636363636374,ORDERED with align,24,3,0.46363636363636374,ORDERED with align,24,3,0.46363636363636374,ORDERED with align,24,3,0.46363636363636374,ORDERED with align,24,3,0.46363636363636374,ORDERED with align,22,10,0.3192982456140351,ORDERED with align,0,0,0.9999999999999999,ORDERED with align,22,10,0.3192982456140351,ORDERED with align
17,8,0.5947368421052631,ORDERED with align,17,8,0.5947368421052631,ORDERED with align,17,8,0.5947368421052631,ORDERED with align,21,3,0.2142857142857143,ORDERED with align,21,3,0.2142857142857143,ORDERED with align,21,3,0.2142857142857143,ORDERED with align,22,4,0.3272727272727273,ORDERED with align,4,2,0.9593450028232637,ORDERED with align,22,4,0.3272727272727273,ORDERED with align
15,4,0.48333333333333334,ORDERED with align,15,4,0.48333333333333334,ORDERED with align,15,4,0.48333333333333334,ORDERED with align,22,7,0.47518796992481205,ORDERED with align,2,0,1.0,ORDERED with align,2,0,1.0,ORDERED with align,15,4,0.48333333333333334,ORDERED with align,8,1,0.9945054945054945,ORDERED with align,15,4,0.48333333333333334,ORDERED with align
23,4,0.07878787878787878,ORDERED with align,23,5,-0.10000000000000002,ORDERED with align,23,4,0.07878787878787878,ORDERED with align,23,4,0.07878787878787878,ORDERED with align,12,3,0.6484848484848483,ORDERED with align,23,4,0.07878787878787878,ORDERED with align,23,4,0.07878787878787878,ORDERED with align,3,1,0.990909090909091,ORDERED with align,23,4,0.07878787878787878,ORDERED with align
16,5,0.19230769230769232,ORDERED with align,1,0,1.0,ORDERED with align,16,5,0.19230769230769232,ORDERED with align,19,6,0.5560439560439561,ORDERED with align,22,7,0.7362637362637363,ORDERED with align,23,6,0.4191176470588236,ORDERED with align,24,8,0.34705882352941175,ORDERED with align,0,0,1.0,ORDERED with align,16,5,0.19230769230769232,ORDERED with align
15,3,0.12727272727272726,ORDERED with align,13,4,0.19999999999999998,ORDERED with align,26,5,-0.12727272727272726,ORDERED with align,13,4,0.19999999999999998,ORDERED with align,26,5,-0.12727272727272726,ORDERED with align,15,3,0.12727272727272726,ORDERED with align,13,4,0.19999999999999998,ORDERED with align,0,0,0.9999999999999999,ORDERED with align,26,5,-0.12727272727272726,ORDERED with align
16,5,-0.05454545454545454,ORDERED with align,24,4,0.8000000000000002,ORDERED with align,17,6,0.22377622377622378,ORDERED with align,17,6,0.22377622377622378,ORDERED with align,16,5,-0.05454545454545454,ORDERED with align,1,0,1.0,ORDERED with align,17,6,0.22377622377622378,ORDERED with align,2,0,1.0,ORDERED with align,17,6,0.22377622377622378,ORDERED with align
24,6,0.1912087912087912,ORDERED with align,2,0,1.0,ORDERED with align,2,0,1.0,ORDERED with align,2,0,1.0,ORDERED with align,16,6,0.6373626373626374,ORDERED with align,2,0,1.0,ORDERED with align,2,0,1.0,ORDERED with align,7,5,0.3098901098901099,ORDERED with align,2,0,1.0,ORDERED with align
1,0,1.0,ORDERED with align,1,0,1.0,ORDERED with align,1,0,1.0,ORDERED with align,1,0,1.0,ORDERED with align,1,0,1.0,ORDERED with align,1,0,1.0,ORDERED with align,1,0,1.0,ORDERED with align,6,1,0.9868131868131869,ORDERED with align,1,0,1.0,ORDERED with align
2,0,0.9999999999999999,ORDERED with align,2,0,0.9999999999999999,ORDERED with align,2,0,0.9999999999999999,ORDERED with align,2,0,0.9999999999999999,ORDERED with align,2,0,0.9999999999999999,ORDERED with align,2,0,0.9999999999999999,ORDERED with align,2,0,0.9999999999999999,ORDERED with align,7,1,0.863157894736842,ORDERED with align,2,0,0.9999999999999999,ORDERED with align
38,7,0.3666666666666667,ORDERED with align,46,10,0.2625635234330887,ORDERED with align,38,7,0.3666666666666667,ORDERED with align,38,7,0.44360902255639095,ORDERED with align,38,7,0.3666666666666667,ORDERED with align,38,7,0.3666666666666667,ORDERED with align,38,7,0.3666666666666667,ORDERED with align,28,8,0.5826086956521739,ORDERED with align,38,7,0.3666666666666667,ORDERED with align
2,0,0.9999999999999999,ORDERED with align,22,6,0.6977443609022556,ORDERED with align,23,10,0.42391304347826086,ORDERED with align,23,10,0.42391304347826086,ORDERED with align,21,7,0.35397316821465424,ORDERED with align,2,0,0.9999999999999999,ORDERED with align,23,10,0.42391304347826086,ORDERED with align,4,0,1.0,ORDERED with align,21,7,0.35397316821465424,ORDERED with align
16,6,0.34642857142857136,ORDERED with align,16,6,0.34642857142857136,ORDERED with align,16,6,0.34642857142857136,ORDERED with align,16,6,0.34642857142857136,ORDERED with align,21,7,0.4270676691729323,ORDERED with align,16,6,0.34642857142857136,ORDERED with align,21,7,0.4270676691729323,ORDERED with align,1,0,1.0,ORDERED with align,21,7,0.4270676691729323,ORDERED with align
33,11,0.5223076923076923,ORDERED with align,30,9,-0.09923076923076923,ORDERED with align,30,9,-0.09923076923076923,ORDERED with align,30,9,-0.09923076923076923,ORDERED with align,33,11,0.5223076923076923,ORDERED with align,33,11,0.5223076923076923,ORDERED with align,33,10,0.19504643962848298,ORDERED with align,8,0,0.9999999999999999,ORDERED with align,33,11,0.5223076923076923,ORDERED with align
44,9,0.2399774138904574,ORDERED with align,38,10,0.5237154150197628,ORDERED with align,38,10,0.5237154150197628,ORDERED with align,38,10,0.5237154150197628,ORDERED with align,38,10,0.5237154150197628,ORDERED with align,44,9,0.2399774138904574,ORDERED with align,38,10,0.5237154150197628,ORDERED with align,7,1,0.9684210526315788,ORDERED with align,38,10,0.5237154150197628,ORDERED with align
34,8,-0.13970588235294118,ORDERED with align,19,5,0.6821465428276574,ORDERED with align,43,7,0.16428571428571426,ORDERED with align,43,7,0.16428571428571426,ORDERED with align,43,7,0.16428571428571426,ORDERED with align,34,8,-0.13970588235294118,ORDERED with align,43,7,0.16428571428571426,ORDERED with align,6,0,1.0,ORDERED with align,43,7,0.16428571428571426,ORDERED with align
1,0,1.0,ORDERED with align,40,10,0.3922924901185771,ORDERED with align,1,0,0.9999999999999999,ORDERED with align,24,5,-0.08333333333333334,ORDERED with align,1,0,0.9999999999999999,ORDERED with align,1,0,1.0,ORDERED with align,1,0,0.9999999999999999,ORDERED with align,7,5,0.7123076923076922,ORDERED with align,24,5,-0.08333333333333334,ORDERED with align
25,3,0.6166666666666666,ORDERED with align,25,3,0.6166666666666666,ORDERED with align,25,3,0.6166666666666666,ORDERED with align,22,10,0.38241106719367585,ORDERED with align,25,3,0.6166666666666666,ORDERED with align,25,3,0.6166666666666666,ORDERED with align,25,3,0.6166666666666666,ORDERED with align,4,2,0.9830769230769232,ORDERED with align,22,10,0.38241106719367585,ORDERED with align
25,10,0.5173913043478261,ORDERED with align,25,12,0.2561538461538462,ORDERED with align,25,10,0.5173913043478261,ORDERED with align,25,12,0.2561538461538462,ORDERED with align,25,12,0.2561538461538462,ORDERED with align,25,12,0.2561538461538462,ORDERED with align,25,12,0.2561538461538462,ORDERED with align,11,4,0.365330321852061,ORDERED with align,25,12,0.2561538461538462,ORDERED with align
1,0,1.0,ORDERED with align,1,0,1.0,ORDERED with align,1,0,1.0,ORDERED with align,1,0,1.0,ORDERED with align,21,2,-0.21428571428571433,ORDERED with align,1,0,1.0,ORDERED with align,1,0,1.0,ORDERED with align,6,3,0.9203007518796992,ORDERED with align,1,0,1.0,ORDERED with align
3,1,0.9736842105263157,ORDERED with align,20,3,0.10714285714285716,ORDERED with align,2,0,1.0,ORDERED with align,3,1,0.9736842105263157,ORDERED with align,20,6,0.391124871001032,ORDERED with align,20,3,0.10714285714285716,ORDERED with align,20,3,0.10714285714285716,ORDERED with align,2,0,1.0,ORDERED with align,20,3,0.10714285714285716,ORDERED with align
8,3,0.8214285714285715,ORDERED with align,20,3,0.5952380952380953,ORDERED with align,8,3,0.8214285714285715,ORDERED with align,8,3,0.8214285714285715,ORDERED with align,20,3,0.5952380952380953,ORDERED with align,20,3,0.5952380952380953,ORDERED with align,20,3,0.5952380952380953,ORDERED with align,3,2,0.9333333333333332,ORDERED with align,20,3,0.5952380952380953,ORDERED with align
35,16,0.6389296187683284,ORDERED with align,36,16,0.5528364849833148,ORDERED with align,36,16,0.5528364849833148,ORDERED with align,35,16,0.6389296187683284,ORDERED with align,36,16,0.5528364849833148,ORDERED with align,36,16,0.5528364849833148,ORDERED with align,35,16,0.6389296187683284,ORDERED with align,4,3,0.9933756166314305,ORDERED with align,36,16,0.5528364849833148,ORDERED with align
1,0,1.0,ORDERED with align,13,8,0.1323529411764706,ORDERED with align,13,8,0.09285714285714285,ORDERED with align,13,8,0.09285714285714285,ORDERED with align,13,8,0.09285714285714285,ORDERED with align,2,0,1.0,ORDERED with align,13,8,0.1323529411764706,ORDERED with align,2,0,1.0,ORDERED with align,13,8,0.09285714285714285,ORDERED with align
14,3,0.7500000000000002,ORDERED with align,18,3,0.3214285714285715,ORDERED with align,17,3,0.4642857142857144,ORDERED with align,17,3,0.4642857142857144,ORDERED with align,17,3,0.4642857142857144,ORDERED with align,14,3,0.7500000000000002,ORDERED with align,17,3,0.4642857142857144,ORDERED with align,1,0,1.0,ORDERED with align,17,3,0.4642857142857144,ORDERED with align
19,3,0.2333333333333333,ORDERED with align,19,3,0.2333333333333333,ORDERED with align,19,3,0.2333333333333333,ORDERED with align,19,3,0.2333333333333333,ORDERED with align,19,3,0.2333333333333333,ORDERED with align,19,3,0.2333333333333333,ORDERED with align,19,3,0.2333333333333333,ORDERED with align,5,1,0.9945054945054945,ORDERED with align,19,3,0.2333333333333333,ORDERED with align
26,11,0.34675324675324676,ORDERED with align,26,11,0.34675324675324676,ORDERED with align,26,11,0.34675324675324676,ORDERED with align,1,0,1.0,ORDERED with align,26,11,0.34675324675324676,ORDERED with align,26,11,0.34675324675324676,ORDERED with align,26,11,0.34675324675324676,ORDERED with align,9,4,0.9333709768492378,ORDERED with align,26,11,0.34675324675324676,ORDERED with align
19,3,0.46153846153846156,ORDERED with align,19,3,0.46153846153846156,ORDERED with align,19,3,0.46153846153846156,ORDERED with align,1,0,1.0,ORDERED with align,40,9,0.17142857142857143,ORDERED with align,26,8,0.212987012987013,ORDERED with align,19,3,0.46153846153846156,ORDERED with align,9,4,0.6924664602683178,ORDERED with align,19,3,0.46153846153846156,ORDERED with align
14,5,0.4055944055944056,ORDERED with align,27,5,0.03296703296703297,ORDERED with align,14,5,0.4055944055944056,ORDERED with align,14,5,0.4055944055944056,ORDERED with align,27,5,0.03296703296703297,ORDERED with align,41,6,-0.46703296703296704,ORDERED with align,27,5,0.03296703296703297,ORDERED with align,6,1,0.5454545454545455,ORDERED with align,14,5,0.4055944055944056,ORDERED with align
41,13,0.03658119658119658,ORDERED with align,26,7,0.006593406593406593,ORDERED with align,41,13,0.03658119658119658,ORDERED with align,41,13,0.03658119658119658,ORDERED with align,26,7,0.006593406593406593,ORDERED with align,25,7,0.1475748194014448,ORDERED with align,26,7,0.006593406593406593,ORDERED with align,8,8,0.00930487137383689,ORDERED with align,25,11,0.31362889983579634,ORDERED with align
24,7,0.027863777089783277,ORDERED with align,38,9,0.23632610939112486,ORDERED with align,1,0,1.0,ORDERED with align,16,4,0.43636363636363645,ORDERED with align,1,0,1.0,ORDERED with align,16,6,0.5054945054945055,ORDERED with align,38,9,0.23632610939112486,ORDERED with align,3,0,1.0,ORDERED with align,38,9,0.23632610939112486,ORDERED with align
16,6,0.5384615384615384,ORDERED with align,14,4,0.20000000000000004,ORDERED with align,26,6,0.46071428571428563,ORDERED with align,26,7,-0.07252747252747253,ORDERED with align,12,5,0.8846153846153846,ORDERED with align,12,5,0.8846153846153846,ORDERED with align,16,6,0.5384615384615384,ORDERED with align,3,0,1.0,ORDERED with align,16,6,0.5384615384615384,ORDERED with align
27,6,0.07692307692307693,ORDERED with align,15,4,0.3216783216783217,ORDERED with align,27,6,0.07692307692307693,ORDERED with align,13,3,0.4090909090909091,ORDERED with align,27,6,0.07692307692307693,ORDERED with align,27,6,0.07692307692307693,ORDERED with align,27,6,0.07692307692307693,ORDERED with align,6,0,1.0,ORDERED with align,27,6,0.07692307692307693,ORDERED with align
1,0,1.0,ORDERED with align,27,5,0.09090909090909091,ORDERED with align,1,0,1.0,ORDERED with align,18,4,0.33333333333333326,ORDERED with align,1,0,1.0,ORDERED with align,1,0,1.0,ORDERED with align,1,0,1.0,ORDERED with align,5,2,0.8166666666666667,ORDERED with align,1,0,1.0,ORDERED with align
36,4,0.08333333333333334,ORDERED with align,36,4,0.08333333333333334,ORDERED with align,36,4,0.08333333333333334,ORDERED with align,36,4,0.08333333333333334,ORDERED with align,36,4,0.08333333333333334,ORDERED with align,36,4,0.08333333333333334,ORDERED with align,36,4,0.08333333333333334,ORDERED with align,12,2,0.9977753058954394,ORDERED with align,36,4,0.08333333333333334,ORDERED with align
6,0,1.0,ORDERED with align,6,0,1.0,ORDERED with align,6,0,1.0,ORDERED with align,6,0,1.0,ORDERED with align,6,0,1.0,ORDERED with align,6,0,1.0,ORDERED with align,6,0,1.0,ORDERED with align,0,0,0.9999999999999999,ORDERED with align,6,0,1.0,ORDERED with align
28,8,0.3064935064935065,ORDERED with align,28,8,0.3064935064935065,ORDERED with align,28,8,0.3064935064935065,ORDERED with align,28,8,0.3064935064935065,ORDERED with align,28,8,0.3064935064935065,ORDERED with align,28,7,0.6077922077922078,ORDERED with align,28,7,0.6077922077922078,ORDERED with align,9,1,0.9963369963369964,ORDERED with align,32,8,0.5264705882352941,ORDERED with align
20,5,0.5,ORDERED with align,20,5,0.5,ORDERED with align,20,8,0.3911764705882353,ORDERED with align,20,8,0.3911764705882353,ORDERED with align,20,8,0.3911764705882353,ORDERED with align,20,5,0.5,ORDERED with align,20,5,0.5,ORDERED with align,9,7,0.7673630717108978,ORDERED with align,1,0,1.0,ORDERED with align
33,3,0.49090909090909085,ORDERED with align,33,3,0.49090909090909085,ORDERED with align,33,3,0.49090909090909085,ORDERED with align,34,4,0.4424242424242424,ORDERED with align,33,3,0.49090909090909085,ORDERED with align,33,3,0.49090909090909085,ORDERED with align,33,3,0.49090909090909085,ORDERED with align,0,0,0.9999999999999999,ORDERED with align,33,3,0.49090909090909085,ORDERED with align
1,0,1.0,ORDERED with align,33,17,0.38870320855614976,ORDERED with align,1,0,1.0,ORDERED with align,33,17,0.38870320855614976,ORDERED with align,33,17,0.38870320855614976,ORDERED with align,1,0,1.0,ORDERED with align,1,0,1.0,ORDERED with align,15,0,1.0,ORDERED with align,1,0,1.0,ORDERED with align
36,6,-0.25,ORDERED with align,31,7,0.6264705882352941,ORDERED with align,36,6,-0.25,ORDERED with align,31,7,0.6264705882352941,ORDERED with align,31,7,0.6264705882352941,ORDERED with align,36,6,-0.25,ORDERED with align,36,6,-0.25,ORDERED with align,0,0,1.0,ORDERED with align,36,6,-0.25,ORDERED with align
33,8,-0.05056759545923632,ORDERED with align,35,13,0.6169354838709679,ORDERED with align,32,11,0.39354132457580737,ORDERED with align,32,11,0.39354132457580737,ORDERED with align,1,0,1.0,ORDERED with align,1,0,1.0,ORDERED with align,35,13,0.6169354838709679,ORDERED with align,17,0,1.0,ORDERED with align,32,11,0.39354132457580737,ORDERED with align
36,14,0.6362903225806452,ORDERED with align,36,14,0.6362903225806452,ORDERED with align,36,14,0.6362903225806452,ORDERED with align,36,14,0.6362903225806452,ORDERED with align,30,13,0.2742200328407225,ORDERED with align,30,13,0.2742200328407225,ORDERED with align,30,9,0.32843137254901966,ORDERED with align,1,0,1.0,ORDERED with align,0,0,1.0,ORDERED with align
3,0,0.9999999999999999,ORDERED with align,3,0,0.9999999999999999,ORDERED with align,24,9,0.5686274509803922,ORDERED with align,24,9,0.5686274509803922,ORDERED with align,24,9,0.5686274509803922,ORDERED with align,30,15,0.4915161466885605,ORDERED with align,30,9,0.3391304347826086,ORDERED with align,15,0,1.0,ORDERED with align,32,15,0.5933223864258347,ORDERED with align
32,13,0.6299945265462507,ORDERED with align,24,9,0.08771929824561404,ORDERED with align,32,13,0.6299945265462507,ORDERED with align,32,13,0.6299945265462507,ORDERED with align,5,0,0.9999999999999999,ORDERED with align,24,8,0.08978328173374613,ORDERED with align,35,12,0.4871794871794871,ORDERED with align,16,1,0.9580419580419581,ORDERED with align,24,8,0.08978328173374613,ORDERED with align
