,,2refs,,,,gold,,,,4refs,,,,3refs,,,,6refs,,,,5refs,,,,1refs,,,,8refs,,,,7refs,
words_differences,index_differences,spearman_differences,aligned_by,words_differences,index_differences,spearman_differences,aligned_by,words_differences,index_differences,spearman_differences,aligned_by,words_differences,index_differences,spearman_differences,aligned_by,words_differences,index_differences,spearman_differences,aligned_by,words_differences,index_differences,spearman_differences,aligned_by,words_differences,index_differences,spearman_differences,aligned_by,words_differences,index_differences,spearman_differences,aligned_by,words_differences,index_differences,spearman_differences,aligned_by,words_differences,index_differences,spearman_differences,aligned_by,words_differences,index_differences,spearman_differences,aligned_by,words_differences,index_differences,spearman_differences,aligned_by,words_differences,index_differences,spearman_differences,aligned_by,words_differences,index_differences,spearman_differences,aligned_by,words_differences,index_differences,spearman_differences,aligned_by,words_differences,index_differences,spearman_differences,aligned_by,words_differences,index_differences,spearman_differences,aligned_by,words_differences,index_differences,spearman_differences,aligned_by,words_differences,index_differences,spearman_differences,aligned_by,words_differences,index_differences,spearman_differences,aligned_by,words_differences,index_differences,spearman_differences,aligned_by,words_differences,index_differences,spearman_differences,aligned_by,words_differences,index_differences,spearman_differences,aligned_by,words_differences,index_differences,spearman_differences,aligned_by,words_differences,index_differences,spearman_differences,aligned_by,words_differences,index_differences,spearman_differences,aligned_by,words_differences,index_differences,spearman_differences,aligned_by,words_differences,index_differences,spearman_differences,aligned_by,words_differences,index_differences,spearman_differences,aligned_by,words_differences,index_differences,spearman_differences,aligned_by,words_differences,index_differences,spearman_differences,aligned_by,words_differences,index_differences,spearman_differences,aligned_by,words_differences,index_differences,spearman_differences,aligned_by,words_differences,index_differences,spearman_differences,aligned_by,words_differences,index_differences,spearman_differences,aligned_by,words_differences,index_differences,spearman_differences,aligned_by
19,0,1.0,ORDERED with align,19,1,0.985294117647059,ORDERED with align,1,0,1.0,ORDERED with align,1,0,1.0,ORDERED with align,1,0,1.0,ORDERED with align,1,0,1.0,ORDERED with align,1,0,1.0,ORDERED with align,1,0,1.0,ORDERED with align,1,0,1.0,ORDERED with align
1,0,1.0,ORDERED with align,1,0,1.0,ORDERED with align,1,0,1.0,ORDERED with align,1,0,1.0,ORDERED with align,1,0,1.0,ORDERED with align,1,0,1.0,ORDERED with align,1,0,1.0,ORDERED with align,1,0,1.0,ORDERED with align,1,0,1.0,ORDERED with align
2,0,0.9999999999999998,ORDERED with align,16,6,0.9233766233766234,ORDERED with align,2,0,0.9999999999999998,ORDERED with align,2,0,0.9999999999999998,ORDERED with align,2,0,0.9999999999999998,ORDERED with align,2,0,0.9999999999999998,ORDERED with align,2,0,0.9999999999999998,ORDERED with align,2,0,0.9999999999999998,ORDERED with align,2,0,0.9999999999999998,ORDERED with align
2,0,1.0,ORDERED with align,6,1,0.9790209790209792,ORDERED with align,2,0,1.0,ORDERED with align,0,0,1.0,ORDERED with align,0,0,1.0,ORDERED with align,1,0,1.0,ORDERED with align,1,0,1.0,ORDERED with align,1,0,1.0,ORDERED with align,0,0,1.0,ORDERED with align
1,0,1.0,ORDERED with align,5,2,0.9582156973461323,ORDERED with align,1,0,1.0,ORDERED with align,1,0,1.0,ORDERED with align,1,0,1.0,ORDERED with align,1,0,1.0,ORDERED with align,2,0,1.0,ORDERED with align,1,0,1.0,ORDERED with align,2,0,1.0,ORDERED with align
1,0,0.9999999999999999,ORDERED with align,9,0,1.0,ORDERED with align,1,0,0.9999999999999999,ORDERED with align,1,0,0.9999999999999999,ORDERED with align,1,0,0.9999999999999999,ORDERED with align,1,0,0.9999999999999999,ORDERED with align,1,0,0.9999999999999999,ORDERED with align,1,0,0.9999999999999999,ORDERED with align,1,0,0.9999999999999999,ORDERED with align
2,0,1.0,ORDERED with align,17,2,0.9909090909090909,ORDERED with align,2,0,1.0,ORDERED with align,2,0,1.0,ORDERED with align,2,0,1.0,ORDERED with align,2,0,1.0,ORDERED with align,2,0,1.0,ORDERED with align,2,0,1.0,ORDERED with align,2,0,1.0,ORDERED with align
0,0,1.0,ORDERED with align,5,5,0.5964285714285712,ORDERED with align,0,0,1.0,ORDERED with align,1,0,1.0,ORDERED with align,1,0,1.0,ORDERED with align,1,0,1.0,ORDERED with align,0,0,1.0,ORDERED with align,1,0,1.0,ORDERED with align,0,0,1.0,ORDERED with align
1,0,0.9999999999999998,ORDERED with align,1,0,0.9999999999999998,ORDERED with align,1,0,0.9999999999999998,ORDERED with align,11,3,0.9264705882352943,ORDERED with align,1,0,0.9999999999999998,ORDERED with align,1,0,0.9999999999999998,ORDERED with align,1,0,0.9999999999999998,ORDERED with align,1,0,0.9999999999999998,ORDERED with align,1,0,0.9999999999999998,ORDERED with align
1,0,1.0,ORDERED with align,0,0,1.0,ORDERED with align,1,0,1.0,ORDERED with align,2,0,1.0,ORDERED with align,2,0,1.0,ORDERED with align,1,0,1.0,ORDERED with align,0,0,1.0,ORDERED with align,2,0,1.0,ORDERED with align,2,0,1.0,ORDERED with align
2,0,1.0,ORDERED with align,2,1,-0.5,ORDERED with align,1,0,0.9999999999999999,ORDERED with align,2,0,1.0,ORDERED with align,2,0,1.0,ORDERED with align,2,0,1.0,ORDERED with align,2,0,1.0,ORDERED with align,2,0,1.0,ORDERED with align,2,0,1.0,ORDERED with align
2,0,1.0,ORDERED with align,4,2,0.8833333333333333,ORDERED with align,2,0,1.0,ORDERED with align,2,0,1.0,ORDERED with align,4,1,0.942857142857143,ORDERED with align,2,0,1.0,ORDERED with align,4,1,0.942857142857143,ORDERED with align,4,1,0.942857142857143,ORDERED with align,2,0,1.0,ORDERED with align
1,0,1.0,ORDERED with align,3,1,0.9868131868131869,ORDERED with align,1,0,1.0,ORDERED with align,1,0,1.0,ORDERED with align,1,0,1.0,ORDERED with align,1,0,1.0,ORDERED with align,1,0,1.0,ORDERED with align,1,0,1.0,ORDERED with align,1,0,1.0,ORDERED with align
6,0,1.0,ORDERED with align,0,0,1.0,ORDERED with align,1,0,1.0,ORDERED with align,1,0,1.0,ORDERED with align,6,0,1.0,ORDERED with align,6,0,1.0,ORDERED with align,6,0,1.0,ORDERED with align,1,0,1.0,ORDERED with align,1,0,1.0,ORDERED with align
1,0,1.0,ORDERED with align,14,4,-0.22727272727272727,ORDERED with align,0,0,1.0,ORDERED with align,1,0,1.0,ORDERED with align,1,0,1.0,ORDERED with align,1,0,1.0,ORDERED with align,1,0,1.0,ORDERED with align,0,0,1.0,ORDERED with align,1,0,1.0,ORDERED with align
2,0,0.9999999999999999,ORDERED with align,10,1,0.9988706945228685,ORDERED with align,2,0,0.9999999999999999,ORDERED with align,1,0,0.9999999999999999,ORDERED with align,1,0,0.9999999999999999,ORDERED with align,1,0,0.9999999999999999,ORDERED with align,1,0,0.9999999999999999,ORDERED with align,1,0,0.9999999999999999,ORDERED with align,1,0,0.9999999999999999,ORDERED with align
11,2,0.7464285714285712,ORDERED with align,5,1,0.6623376623376622,ORDERED with align,15,1,0.9454545454545454,ORDERED with align,4,1,0.9932241671372107,ORDERED with align,15,1,0.9454545454545454,ORDERED with align,4,1,0.9932241671372107,ORDERED with align,11,2,0.7464285714285712,ORDERED with align,15,1,0.9454545454545454,ORDERED with align,15,1,0.9454545454545454,ORDERED with align
0,0,1.0,ORDERED with align,0,0,1.0,ORDERED with align,0,0,1.0,ORDERED with align,0,0,1.0,ORDERED with align,0,0,1.0,ORDERED with align,0,0,1.0,ORDERED with align,0,0,1.0,ORDERED with align,0,0,1.0,ORDERED with align,0,0,1.0,ORDERED with align
2,0,1.0,ORDERED with align,5,3,0.4835164835164835,ORDERED with align,2,1,0.9970588235294118,ORDERED with align,0,1,0.9970588235294118,ORDERED with align,2,1,0.9970588235294118,ORDERED with align,0,1,0.9970588235294118,ORDERED with align,2,1,0.9970588235294118,ORDERED with align,2,0,1.0,ORDERED with align,2,1,0.9970588235294118,ORDERED with align
0,0,1.0,ORDERED with align,2,0,1.0,ORDERED with align,1,0,1.0,ORDERED with align,1,0,1.0,ORDERED with align,1,0,1.0,ORDERED with align,0,0,1.0,ORDERED with align,0,0,1.0,ORDERED with align,1,0,1.0,ORDERED with align,1,0,1.0,ORDERED with align
1,0,1.0,ORDERED with align,1,0,1.0,ORDERED with align,1,0,1.0,ORDERED with align,1,0,1.0,ORDERED with align,1,0,1.0,ORDERED with align,1,0,1.0,ORDERED with align,1,0,1.0,ORDERED with align,1,0,1.0,ORDERED with align,1,0,1.0,ORDERED with align
1,0,1.0,ORDERED with align,2,0,1.0,ORDERED with align,1,0,1.0,ORDERED with align,1,0,1.0,ORDERED with align,1,0,1.0,ORDERED with align,1,0,1.0,ORDERED with align,1,0,1.0,ORDERED with align,1,0,1.0,ORDERED with align,1,0,1.0,ORDERED with align
1,0,1.0,ORDERED with align,2,14,0.2252673796791444,ORDERED with align,1,0,1.0,ORDERED with align,4,3,0.9964404894327029,ORDERED with align,1,0,1.0,ORDERED with align,1,0,1.0,ORDERED with align,1,0,1.0,ORDERED with align,1,0,1.0,ORDERED with align,1,0,1.0,ORDERED with align
1,0,1.0,ORDERED with align,2,0,1.0,ORDERED with align,1,0,1.0,ORDERED with align,1,0,1.0,ORDERED with align,1,0,1.0,ORDERED with align,1,0,1.0,ORDERED with align,1,0,1.0,ORDERED with align,1,0,1.0,ORDERED with align,1,0,1.0,ORDERED with align
11,0,1.0,ORDERED with align,5,3,0.9235294117647058,ORDERED with align,2,1,0.9793601651186791,ORDERED with align,11,0,1.0,ORDERED with align,2,1,0.9793601651186791,ORDERED with align,4,2,0.9676470588235294,ORDERED with align,2,1,0.9793601651186791,ORDERED with align,2,1,0.9793601651186791,ORDERED with align,4,2,0.9676470588235294,ORDERED with align
0,0,1.0,ORDERED with align,8,0,1.0,ORDERED with align,0,0,1.0,ORDERED with align,0,0,1.0,ORDERED with align,0,0,1.0,ORDERED with align,0,0,1.0,ORDERED with align,0,0,1.0,ORDERED with align,0,0,1.0,ORDERED with align,0,0,1.0,ORDERED with align
4,0,0.9999999999999999,ORDERED with align,4,0,1.0,ORDERED with align,1,0,1.0,ORDERED with align,1,0,1.0,ORDERED with align,4,0,0.9999999999999999,ORDERED with align,4,0,0.9999999999999999,ORDERED with align,4,0,0.9999999999999999,ORDERED with align,4,0,0.9999999999999999,ORDERED with align,4,0,0.9999999999999999,ORDERED with align
5,0,1.0,ORDERED with align,5,1,0.9964285714285712,ORDERED with align,1,0,1.0,ORDERED with align,1,0,1.0,ORDERED with align,5,0,1.0,ORDERED with align,1,0,1.0,ORDERED with align,1,0,1.0,ORDERED with align,1,0,1.0,ORDERED with align,1,0,1.0,ORDERED with align
1,0,1.0,ORDERED with align,11,3,0.6428571428571429,ORDERED with align,1,0,1.0,ORDERED with align,1,0,1.0,ORDERED with align,1,0,1.0,ORDERED with align,2,0,1.0,ORDERED with align,7,2,0.9151515151515152,ORDERED with align,1,0,1.0,ORDERED with align,2,0,1.0,ORDERED with align
10,0,1.0,ORDERED with align,8,0,1.0,ORDERED with align,4,0,0.9999999999999999,ORDERED with align,4,0,0.9999999999999999,ORDERED with align,17,0,1.0,ORDERED with align,4,0,0.9999999999999999,ORDERED with align,0,0,1.0,ORDERED with align,17,0,1.0,ORDERED with align,17,0,1.0,ORDERED with align
10,0,1.0,ORDERED with align,4,1,0.6470588235294118,ORDERED with align,10,0,1.0,ORDERED with align,10,0,1.0,ORDERED with align,10,0,1.0,ORDERED with align,10,0,1.0,ORDERED with align,10,0,1.0,ORDERED with align,10,0,1.0,ORDERED with align,10,0,1.0,ORDERED with align
31,0,1.0,ORDERED with align,8,2,0.996358543417367,ORDERED with align,31,0,1.0,ORDERED with align,31,0,1.0,ORDERED with align,31,0,1.0,ORDERED with align,31,0,1.0,ORDERED with align,4,1,0.846846846846847,ORDERED with align,31,0,1.0,ORDERED with align,31,0,1.0,ORDERED with align
1,0,1.0,ORDERED with align,4,0,1.0,ORDERED with align,5,0,1.0,ORDERED with align,5,0,1.0,ORDERED with align,1,0,1.0,ORDERED with align,1,0,1.0,ORDERED with align,6,0,1.0,ORDERED with align,1,0,1.0,ORDERED with align,1,0,1.0,ORDERED with align
1,0,1.0,ORDERED with align,6,1,0.9411764705882353,ORDERED with align,0,0,1.0,ORDERED with align,1,0,1.0,ORDERED with align,7,0,1.0,ORDERED with align,1,0,1.0,ORDERED with align,1,0,1.0,ORDERED with align,1,0,1.0,ORDERED with align,1,0,1.0,ORDERED with align
1,0,1.0,ORDERED with align,6,3,-0.33333333333333337,ORDERED with align,1,0,1.0,ORDERED with align,1,0,1.0,ORDERED with align,1,0,1.0,ORDERED with align,1,0,1.0,ORDERED with align,1,0,1.0,ORDERED with align,1,0,1.0,ORDERED with align,1,0,1.0,ORDERED with align
8,0,1.0,ORDERED with align,2,0,0.9999999999999999,ORDERED with align,3,0,0.9999999999999999,ORDERED with align,2,0,0.9999999999999998,ORDERED with align,4,0,0.9999999999999999,ORDERED with align,4,0,0.9999999999999999,ORDERED with align,2,0,0.9999999999999998,ORDERED with align,8,0,1.0,ORDERED with align,4,0,0.9999999999999999,ORDERED with align
0,0,1.0,ORDERED with align,4,3,-0.6454545454545455,ORDERED with align,2,0,1.0,ORDERED with align,0,0,1.0,ORDERED with align,0,0,1.0,ORDERED with align,2,0,1.0,ORDERED with align,0,0,1.0,ORDERED with align,0,0,1.0,ORDERED with align,2,0,1.0,ORDERED with align
0,0,1.0,ORDERED with align,0,0,1.0,ORDERED with align,1,0,0.9999999999999999,ORDERED with align,1,0,0.9999999999999999,ORDERED with align,1,0,0.9999999999999999,ORDERED with align,2,0,1.0,ORDERED with align,1,0,0.9999999999999999,ORDERED with align,1,0,0.9999999999999999,ORDERED with align,1,0,0.9999999999999999,ORDERED with align
9,2,0.9147058823529413,ORDERED with align,3,2,0.9597402597402598,ORDERED with align,9,2,0.9147058823529413,ORDERED with align,11,2,0.9147058823529413,ORDERED with align,16,3,0.006060606060606061,ORDERED with align,9,1,0.8999999999999999,ORDERED with align,16,3,0.006060606060606061,ORDERED with align,11,2,0.9147058823529413,ORDERED with align,9,2,0.9147058823529413,ORDERED with align
1,0,1.0,ORDERED with align,2,2,0.8870694522868439,ORDERED with align,1,0,1.0,ORDERED with align,1,0,1.0,ORDERED with align,1,0,1.0,ORDERED with align,1,0,1.0,ORDERED with align,1,0,1.0,ORDERED with align,1,0,1.0,ORDERED with align,1,0,1.0,ORDERED with align
1,0,1.0,ORDERED with align,2,0,1.0,ORDERED with align,1,0,1.0,ORDERED with align,1,0,1.0,ORDERED with align,1,0,1.0,ORDERED with align,2,0,1.0,ORDERED with align,1,0,1.0,ORDERED with align,1,0,1.0,ORDERED with align,1,0,1.0,ORDERED with align
0,0,1.0,ORDERED with align,0,0,1.0,ORDERED with align,1,0,0.9999999999999999,ORDERED with align,1,0,0.9999999999999999,ORDERED with align,1,0,0.9999999999999999,ORDERED with align,1,0,0.9999999999999999,ORDERED with align,1,0,1.0,ORDERED with align,1,0,0.9999999999999999,ORDERED with align,1,0,0.9999999999999999,ORDERED with align
1,0,1.0,ORDERED with align,2,1,0.9878787878787878,ORDERED with align,2,0,1.0,ORDERED with align,2,0,1.0,ORDERED with align,2,0,1.0,ORDERED with align,2,0,1.0,ORDERED with align,1,0,1.0,ORDERED with align,2,0,1.0,ORDERED with align,2,0,1.0,ORDERED with align
1,0,1.0,ORDERED with align,9,3,0.8321428571428571,ORDERED with align,1,0,1.0,ORDERED with align,1,0,1.0,ORDERED with align,1,0,1.0,ORDERED with align,1,0,1.0,ORDERED with align,1,0,1.0,ORDERED with align,1,0,1.0,ORDERED with align,1,0,1.0,ORDERED with align
1,0,1.0,ORDERED with align,5,0,1.0,ORDERED with align,1,0,1.0,ORDERED with align,1,0,1.0,ORDERED with align,1,0,1.0,ORDERED with align,2,0,1.0,ORDERED with align,1,0,1.0,ORDERED with align,1,0,1.0,ORDERED with align,1,0,1.0,ORDERED with align
1,0,1.0,ORDERED with align,7,3,0.9454545454545454,ORDERED with align,2,1,0.7391304347826088,ORDERED with align,18,2,0.39285714285714296,ORDERED with align,18,2,0.39285714285714296,ORDERED with align,2,1,0.7391304347826088,ORDERED with align,18,2,0.39285714285714296,ORDERED with align,2,1,0.7391304347826088,ORDERED with align,2,1,0.7391304347826088,ORDERED with align
2,1,0.9878787878787878,ORDERED with align,4,0,1.0,ORDERED with align,2,1,0.9878787878787878,ORDERED with align,1,0,0.9999999999999999,ORDERED with align,2,1,0.9878787878787878,ORDERED with align,4,0,1.0,ORDERED with align,1,0,0.9999999999999999,ORDERED with align,1,0,0.9999999999999999,ORDERED with align,2,1,0.9878787878787878,ORDERED with align
3,0,1.0,ORDERED with align,5,1,0.9488636363636365,ORDERED with align,3,0,1.0,ORDERED with align,3,0,1.0,ORDERED with align,3,0,1.0,ORDERED with align,1,0,1.0,ORDERED with align,1,0,1.0,ORDERED with align,3,0,1.0,ORDERED with align,3,0,1.0,ORDERED with align
1,0,1.0,ORDERED with align,12,8,0.9590964590964591,ORDERED with align,2,0,1.0,ORDERED with align,2,0,1.0,ORDERED with align,1,0,1.0,ORDERED with align,2,0,1.0,ORDERED with align,0,0,1.0,ORDERED with align,2,0,1.0,ORDERED with align,1,0,1.0,ORDERED with align
1,0,1.0,ORDERED with align,0,0,1.0,ORDERED with align,0,0,1.0,ORDERED with align,3,0,1.0,ORDERED with align,0,0,1.0,ORDERED with align,0,0,1.0,ORDERED with align,0,0,1.0,ORDERED with align,3,0,1.0,ORDERED with align,3,0,1.0,ORDERED with align
3,0,1.0,ORDERED with align,4,1,0.39999999999999997,ORDERED with align,3,0,1.0,ORDERED with align,3,0,1.0,ORDERED with align,3,0,1.0,ORDERED with align,0,0,1.0,ORDERED with align,0,0,1.0,ORDERED with align,3,0,1.0,ORDERED with align,3,0,1.0,ORDERED with align
8,0,1.0,ORDERED with align,4,1,0.9979360165118679,ORDERED with align,1,0,1.0,ORDERED with align,1,0,1.0,ORDERED with align,1,0,1.0,ORDERED with align,1,0,1.0,ORDERED with align,1,0,1.0,ORDERED with align,1,0,1.0,ORDERED with align,1,0,1.0,ORDERED with align
2,0,1.0,ORDERED with align,4,1,0.9935828877005346,ORDERED with align,1,0,1.0,ORDERED with align,2,0,1.0,ORDERED with align,1,0,1.0,ORDERED with align,1,0,1.0,ORDERED with align,1,0,1.0,ORDERED with align,1,0,1.0,ORDERED with align,1,0,1.0,ORDERED with align
0,0,1.0,ORDERED with align,3,0,1.0,ORDERED with align,1,0,1.0,ORDERED with align,0,0,1.0,ORDERED with align,0,0,1.0,ORDERED with align,0,0,1.0,ORDERED with align,0,0,1.0,ORDERED with align,0,0,1.0,ORDERED with align,0,0,1.0,ORDERED with align
1,0,1.0,ORDERED with align,20,6,0.6584415584415585,ORDERED with align,1,0,1.0,ORDERED with align,1,0,1.0,ORDERED with align,0,0,1.0,ORDERED with align,0,0,1.0,ORDERED with align,1,0,1.0,ORDERED with align,0,0,1.0,ORDERED with align,1,0,1.0,ORDERED with align
1,1,0.9982456140350877,ORDERED with align,10,0,0.9999999999999999,ORDERED with align,1,1,0.9982456140350877,ORDERED with align,1,1,0.9982456140350877,ORDERED with align,1,1,0.9982456140350877,ORDERED with align,1,1,0.9982456140350877,ORDERED with align,0,0,1.0,ORDERED with align,1,1,0.9982456140350877,ORDERED with align,1,1,0.9982456140350877,ORDERED with align
1,0,1.0,ORDERED with align,8,0,1.0,ORDERED with align,0,0,1.0,ORDERED with align,0,0,1.0,ORDERED with align,0,0,1.0,ORDERED with align,0,0,1.0,ORDERED with align,0,0,1.0,ORDERED with align,1,0,1.0,ORDERED with align,0,0,1.0,ORDERED with align
0,0,1.0,ORDERED with align,5,3,-0.5868131868131868,ORDERED with align,0,0,1.0,ORDERED with align,9,0,1.0,ORDERED with align,1,0,1.0,ORDERED with align,0,0,1.0,ORDERED with align,1,0,1.0,ORDERED with align,0,0,1.0,ORDERED with align,0,0,1.0,ORDERED with align
1,0,0.9999999999999999,ORDERED with align,7,4,0.9751552795031055,ORDERED with align,1,0,0.9999999999999999,ORDERED with align,1,0,0.9999999999999999,ORDERED with align,1,0,0.9999999999999999,ORDERED with align,1,0,0.9999999999999999,ORDERED with align,1,0,0.9999999999999999,ORDERED with align,1,0,0.9999999999999999,ORDERED with align,2,0,0.9999999999999999,ORDERED with align
1,0,1.0,ORDERED with align,4,3,0.9559570863918693,ORDERED with align,2,1,0.8636363636363636,ORDERED with align,2,1,0.8636363636363636,ORDERED with align,2,1,0.8636363636363636,ORDERED with align,1,0,1.0,ORDERED with align,2,1,0.9805194805194805,ORDERED with align,2,1,0.8636363636363636,ORDERED with align,1,0,1.0,ORDERED with align
0,0,1.0,ORDERED with align,4,0,1.0,ORDERED with align,2,0,1.0,ORDERED with align,0,0,1.0,ORDERED with align,2,0,1.0,ORDERED with align,0,0,1.0,ORDERED with align,0,0,1.0,ORDERED with align,0,0,1.0,ORDERED with align,0,0,1.0,ORDERED with align
4,2,0.4047619047619048,ORDERED with align,3,1,0.9,ORDERED with align,4,2,0.4047619047619048,ORDERED with align,4,2,0.4047619047619048,ORDERED with align,4,2,0.4047619047619048,ORDERED with align,4,2,0.4047619047619048,ORDERED with align,4,2,0.4047619047619048,ORDERED with align,4,2,0.4047619047619048,ORDERED with align,4,2,0.4047619047619048,ORDERED with align
2,0,1.0,ORDERED with align,2,1,0.9991304347826085,ORDERED with align,1,0,0.9999999999999999,ORDERED with align,3,1,0.9593450028232637,ORDERED with align,1,0,0.9999999999999999,ORDERED with align,1,0,0.9999999999999999,ORDERED with align,2,0,1.0,ORDERED with align,2,0,1.0,ORDERED with align,1,0,0.9999999999999999,ORDERED with align
2,1,0.7692307692307693,ORDERED with align,11,2,0.9958720330237358,ORDERED with align,0,0,0.9999999999999999,ORDERED with align,1,0,1.0,ORDERED with align,2,1,0.7692307692307693,ORDERED with align,2,1,0.7692307692307693,ORDERED with align,1,0,1.0,ORDERED with align,1,0,0.9999999999999999,ORDERED with align,1,0,1.0,ORDERED with align
1,0,1.0,ORDERED with align,4,3,0.6783216783216784,ORDERED with align,1,0,1.0,ORDERED with align,1,0,1.0,ORDERED with align,1,0,1.0,ORDERED with align,1,0,1.0,ORDERED with align,1,0,1.0,ORDERED with align,1,0,1.0,ORDERED with align,1,0,1.0,ORDERED with align
6,0,1.0,ORDERED with align,6,0,0.9999999999999999,ORDERED with align,6,0,1.0,ORDERED with align,6,0,1.0,ORDERED with align,1,0,0.9999999999999999,ORDERED with align,1,0,0.9999999999999999,ORDERED with align,1,0,0.9999999999999999,ORDERED with align,6,0,1.0,ORDERED with align,6,0,1.0,ORDERED with align
0,0,1.0,ORDERED with align,10,5,0.9851540616246499,ORDERED with align,1,0,1.0,ORDERED with align,1,0,1.0,ORDERED with align,1,0,1.0,ORDERED with align,1,0,1.0,ORDERED with align,1,0,1.0,ORDERED with align,1,0,1.0,ORDERED with align,1,0,1.0,ORDERED with align
1,0,0.9999999999999999,ORDERED with align,8,1,0.9849624060150375,ORDERED with align,1,0,0.9999999999999999,ORDERED with align,1,0,0.9999999999999999,ORDERED with align,1,0,0.9999999999999999,ORDERED with align,1,0,0.9999999999999999,ORDERED with align,1,0,0.9999999999999999,ORDERED with align,1,0,0.9999999999999999,ORDERED with align,1,0,0.9999999999999999,ORDERED with align
0,0,1.0,ORDERED with align,8,1,0.985294117647059,ORDERED with align,7,0,1.0,ORDERED with align,7,0,1.0,ORDERED with align,7,0,1.0,ORDERED with align,11,0,1.0,ORDERED with align,0,0,1.0,ORDERED with align,7,0,1.0,ORDERED with align,7,0,1.0,ORDERED with align
17,1,0.7,ORDERED with align,11,2,0.988235294117647,ORDERED with align,1,0,1.0,ORDERED with align,1,0,1.0,ORDERED with align,1,0,1.0,ORDERED with align,1,0,1.0,ORDERED with align,1,0,1.0,ORDERED with align,1,0,1.0,ORDERED with align,1,0,1.0,ORDERED with align
2,0,0.9999999999999998,ORDERED with align,3,0,0.9999999999999998,ORDERED with align,2,0,0.9999999999999998,ORDERED with align,2,0,0.9999999999999998,ORDERED with align,2,0,0.9999999999999998,ORDERED with align,2,0,0.9999999999999998,ORDERED with align,2,0,0.9999999999999998,ORDERED with align,2,0,0.9999999999999998,ORDERED with align,2,0,0.9999999999999998,ORDERED with align
0,0,1.0,ORDERED with align,0,0,1.0,ORDERED with align,1,0,1.0,ORDERED with align,1,0,1.0,ORDERED with align,1,0,1.0,ORDERED with align,1,0,1.0,ORDERED with align,0,0,1.0,ORDERED with align,1,0,1.0,ORDERED with align,1,0,1.0,ORDERED with align
2,1,0.8972332015810277,ORDERED with align,1,0,1.0,ORDERED with align,2,1,0.8972332015810277,ORDERED with align,1,0,1.0,ORDERED with align,1,0,1.0,ORDERED with align,1,0,1.0,ORDERED with align,1,0,1.0,ORDERED with align,1,0,1.0,ORDERED with align,2,1,0.8972332015810277,ORDERED with align
3,0,1.0,ORDERED with align,2,0,1.0,ORDERED with align,0,0,1.0,ORDERED with align,3,0,1.0,ORDERED with align,0,0,1.0,ORDERED with align,0,0,1.0,ORDERED with align,0,0,1.0,ORDERED with align,0,0,1.0,ORDERED with align,0,0,1.0,ORDERED with align
1,0,0.9999999999999999,ORDERED with align,5,1,0.9736842105263157,ORDERED with align,1,0,0.9999999999999999,ORDERED with align,1,0,0.9999999999999999,ORDERED with align,0,0,0.9999999999999999,ORDERED with align,1,0,0.9999999999999999,ORDERED with align,1,0,0.9999999999999999,ORDERED with align,0,0,0.9999999999999999,ORDERED with align,0,0,0.9999999999999999,ORDERED with align
28,4,0.46813725490196084,ORDERED with align,14,14,0.7165991902834008,ORDERED with align,28,4,0.46813725490196084,ORDERED with align,34,4,0.4727272727272727,ORDERED with align,35,2,0.9151515151515152,ORDERED with align,35,2,0.9151515151515152,ORDERED with align,28,4,0.46813725490196084,ORDERED with align,35,2,0.9151515151515152,ORDERED with align,34,4,0.4727272727272727,ORDERED with align
1,0,1.0,ORDERED with align,0,0,1.0,ORDERED with align,1,0,1.0,ORDERED with align,1,0,1.0,ORDERED with align,1,0,1.0,ORDERED with align,1,0,1.0,ORDERED with align,1,0,1.0,ORDERED with align,1,0,1.0,ORDERED with align,1,0,1.0,ORDERED with align
1,0,1.0,ORDERED with align,0,0,0.9999999999999999,ORDERED with align,1,0,1.0,ORDERED with align,1,0,1.0,ORDERED with align,1,0,1.0,ORDERED with align,1,0,1.0,ORDERED with align,1,0,1.0,ORDERED with align,1,0,1.0,ORDERED with align,1,0,1.0,ORDERED with align
5,1,0.9970588235294118,ORDERED with align,2,1,0.9938080495356036,ORDERED with align,2,0,1.0,ORDERED with align,5,1,0.9970588235294118,ORDERED with align,2,0,1.0,ORDERED with align,2,0,1.0,ORDERED with align,7,1,0.7527472527472527,ORDERED with align,2,0,1.0,ORDERED with align,5,1,0.9970588235294118,ORDERED with align
1,0,1.0,ORDERED with align,2,0,1.0,ORDERED with align,1,0,1.0,ORDERED with align,1,0,1.0,ORDERED with align,1,0,1.0,ORDERED with align,1,0,1.0,ORDERED with align,1,0,1.0,ORDERED with align,1,0,1.0,ORDERED with align,1,0,1.0,ORDERED with align
0,0,0.9999999999999999,ORDERED with align,2,0,1.0,ORDERED with align,2,1,0.9321739130434782,ORDERED with align,1,0,1.0,ORDERED with align,1,0,1.0,ORDERED with align,1,0,1.0,ORDERED with align,2,1,0.9321739130434782,ORDERED with align,1,0,1.0,ORDERED with align,1,0,1.0,ORDERED with align
1,0,1.0,ORDERED with align,3,0,1.0,ORDERED with align,2,0,1.0,ORDERED with align,2,0,1.0,ORDERED with align,2,0,1.0,ORDERED with align,2,0,1.0,ORDERED with align,1,0,1.0,ORDERED with align,2,0,1.0,ORDERED with align,1,0,1.0,ORDERED with align
2,0,1.0,ORDERED with align,1,0,1.0,ORDERED with align,1,0,1.0,ORDERED with align,2,0,1.0,ORDERED with align,2,0,1.0,ORDERED with align,1,0,1.0,ORDERED with align,2,0,1.0,ORDERED with align,1,0,1.0,ORDERED with align,2,0,1.0,ORDERED with align
1,0,1.0,ORDERED with align,3,0,1.0,ORDERED with align,0,0,1.0,ORDERED with align,1,0,1.0,ORDERED with align,0,0,1.0,ORDERED with align,0,0,1.0,ORDERED with align,0,0,1.0,ORDERED with align,0,0,1.0,ORDERED with align,0,0,1.0,ORDERED with align
3,5,0.9941940412528646,ORDERED with align,15,0,1.0,ORDERED with align,3,5,0.9941940412528646,ORDERED with align,3,5,0.9941940412528646,ORDERED with align,1,0,1.0,ORDERED with align,15,0,1.0,ORDERED with align,3,5,0.9941940412528646,ORDERED with align,3,5,0.9941940412528646,ORDERED with align,3,5,0.9941940412528646,ORDERED with align
2,0,1.0,ORDERED with align,5,2,0.6868131868131868,ORDERED with align,2,0,1.0,ORDERED with align,3,0,1.0,ORDERED with align,2,0,1.0,ORDERED with align,3,0,1.0,ORDERED with align,2,0,1.0,ORDERED with align,2,0,1.0,ORDERED with align,3,0,1.0,ORDERED with align
1,0,1.0,ORDERED with align,13,4,0.3216783216783217,ORDERED with align,1,0,1.0,ORDERED with align,1,0,1.0,ORDERED with align,1,0,1.0,ORDERED with align,1,0,1.0,ORDERED with align,1,0,1.0,ORDERED with align,1,0,1.0,ORDERED with align,1,0,1.0,ORDERED with align
0,0,1.0,ORDERED with align,2,0,1.0,ORDERED with align,0,0,1.0,ORDERED with align,0,0,1.0,ORDERED with align,1,0,1.0,ORDERED with align,0,0,1.0,ORDERED with align,0,0,1.0,ORDERED with align,0,0,1.0,ORDERED with align,0,0,1.0,ORDERED with align
5,0,1.0,ORDERED with align,1,0,1.0,ORDERED with align,1,0,1.0,ORDERED with align,1,0,1.0,ORDERED with align,1,0,1.0,ORDERED with align,1,0,1.0,ORDERED with align,5,0,1.0,ORDERED with align,1,0,1.0,ORDERED with align,1,0,1.0,ORDERED with align
2,0,0.9999999999999999,ORDERED with align,4,0,1.0,ORDERED with align,1,0,0.9999999999999999,ORDERED with align,2,0,0.9999999999999999,ORDERED with align,2,0,0.9999999999999999,ORDERED with align,2,0,0.9999999999999999,ORDERED with align,1,0,0.9999999999999999,ORDERED with align,1,0,0.9999999999999999,ORDERED with align,2,0,0.9999999999999999,ORDERED with align
1,0,1.0,ORDERED with align,0,0,1.0,ORDERED with align,1,0,1.0,ORDERED with align,1,0,1.0,ORDERED with align,1,0,1.0,ORDERED with align,1,0,1.0,ORDERED with align,1,0,1.0,ORDERED with align,1,0,1.0,ORDERED with align,1,0,1.0,ORDERED with align
1,0,1.0,ORDERED with align,5,6,-0.05294117647058824,ORDERED with align,1,0,1.0,ORDERED with align,1,0,1.0,ORDERED with align,1,0,1.0,ORDERED with align,1,0,1.0,ORDERED with align,1,0,1.0,ORDERED with align,1,0,1.0,ORDERED with align,1,0,1.0,ORDERED with align
2,2,0.9929824561403509,ORDERED with align,12,5,0.8285714285714284,ORDERED with align,8,0,1.0,ORDERED with align,2,2,0.9929824561403509,ORDERED with align,2,2,0.9929824561403509,ORDERED with align,2,2,0.9929824561403509,ORDERED with align,8,0,1.0,ORDERED with align,2,0,1.0,ORDERED with align,8,0,1.0,ORDERED with align
1,0,0.9999999999999999,ORDERED with align,4,0,1.0,ORDERED with align,1,0,0.9999999999999999,ORDERED with align,1,0,0.9999999999999999,ORDERED with align,1,0,0.9999999999999999,ORDERED with align,1,0,0.9999999999999999,ORDERED with align,1,0,0.9999999999999999,ORDERED with align,1,0,0.9999999999999999,ORDERED with align,1,0,0.9999999999999999,ORDERED with align
1,0,1.0,ORDERED with align,2,0,1.0,ORDERED with align,1,0,1.0,ORDERED with align,1,0,1.0,ORDERED with align,1,0,1.0,ORDERED with align,1,0,1.0,ORDERED with align,1,0,1.0,ORDERED with align,1,0,1.0,ORDERED with align,1,0,1.0,ORDERED with align
0,0,1.0,ORDERED with align,2,0,1.0,ORDERED with align,1,0,1.0,ORDERED with align,1,0,1.0,ORDERED with align,1,0,1.0,ORDERED with align,0,0,1.0,ORDERED with align,0,0,1.0,ORDERED with align,1,0,1.0,ORDERED with align,0,0,1.0,ORDERED with align
27,2,0.7380952380952381,ORDERED with align,0,0,1.0,ORDERED with align,27,2,0.7380952380952381,ORDERED with align,27,2,0.7380952380952381,ORDERED with align,29,4,-0.023809523809523815,ORDERED with align,27,2,0.7380952380952381,ORDERED with align,27,2,0.7380952380952381,ORDERED with align,27,2,0.7380952380952381,ORDERED with align,27,2,0.7380952380952381,ORDERED with align
1,0,1.0,ORDERED with align,3,0,1.0,ORDERED with align,1,0,1.0,ORDERED with align,1,0,1.0,ORDERED with align,1,0,1.0,ORDERED with align,1,0,1.0,ORDERED with align,1,0,1.0,ORDERED with align,1,0,1.0,ORDERED with align,1,0,1.0,ORDERED with align
1,0,1.0,ORDERED with align,0,0,1.0,ORDERED with align,1,0,1.0,ORDERED with align,1,0,1.0,ORDERED with align,1,0,1.0,ORDERED with align,1,0,1.0,ORDERED with align,1,0,1.0,ORDERED with align,1,0,1.0,ORDERED with align,1,0,1.0,ORDERED with align
7,0,1.0,ORDERED with align,8,8,0.9419813902572524,ORDERED with align,7,1,0.8814229249011858,ORDERED with align,7,1,0.8814229249011858,ORDERED with align,7,1,0.8814229249011858,ORDERED with align,7,1,0.8814229249011858,ORDERED with align,7,0,1.0,ORDERED with align,7,0,1.0,ORDERED with align,7,0,1.0,ORDERED with align
2,0,1.0,ORDERED with align,7,3,0.09999999999999999,ORDERED with align,1,0,1.0,ORDERED with align,2,0,1.0,ORDERED with align,2,0,1.0,ORDERED with align,1,0,1.0,ORDERED with align,2,0,1.0,ORDERED with align,1,0,1.0,ORDERED with align,1,0,1.0,ORDERED with align
1,0,1.0,ORDERED with align,14,2,0.9368421052631578,ORDERED with align,1,0,1.0,ORDERED with align,1,0,1.0,ORDERED with align,1,0,1.0,ORDERED with align,1,0,1.0,ORDERED with align,1,0,1.0,ORDERED with align,1,0,1.0,ORDERED with align,1,0,1.0,ORDERED with align
1,0,1.0,ORDERED with align,10,4,-0.21678321678321683,ORDERED with align,1,0,1.0,ORDERED with align,2,0,1.0,ORDERED with align,1,0,1.0,ORDERED with align,2,0,1.0,ORDERED with align,1,0,1.0,ORDERED with align,2,0,1.0,ORDERED with align,2,0,1.0,ORDERED with align
1,0,0.9999999999999998,ORDERED with align,14,3,0.8470588235294119,ORDERED with align,1,0,0.9999999999999998,ORDERED with align,1,0,0.9999999999999999,ORDERED with align,1,0,0.9999999999999998,ORDERED with align,2,0,0.9999999999999999,ORDERED with align,1,0,0.9999999999999998,ORDERED with align,1,0,0.9999999999999999,ORDERED with align,1,0,0.9999999999999998,ORDERED with align
1,0,0.9999999999999998,ORDERED with align,2,2,0.9902319902319903,ORDERED with align,1,0,0.9999999999999998,ORDERED with align,13,0,1.0,ORDERED with align,1,0,0.9999999999999998,ORDERED with align,1,0,0.9999999999999998,ORDERED with align,0,0,0.9999999999999998,ORDERED with align,1,0,0.9999999999999998,ORDERED with align,1,0,0.9999999999999998,ORDERED with align
0,0,0.9999999999999999,ORDERED with align,23,3,0.04761904761904763,ORDERED with align,0,0,0.9999999999999999,ORDERED with align,0,0,0.9999999999999999,ORDERED with align,0,0,0.9999999999999999,ORDERED with align,0,0,0.9999999999999999,ORDERED with align,17,0,1.0,ORDERED with align,0,0,0.9999999999999999,ORDERED with align,0,0,0.9999999999999999,ORDERED with align
26,0,1.0,ORDERED with align,18,3,0.9733333333333332,ORDERED with align,0,0,1.0,ORDERED with align,16,0,0.9999999999999999,ORDERED with align,0,0,1.0,ORDERED with align,26,0,1.0,ORDERED with align,11,0,1.0,ORDERED with align,26,0,1.0,ORDERED with align,26,0,1.0,ORDERED with align
12,0,0.9999999999999999,ORDERED with align,11,5,0.7832167832167832,ORDERED with align,1,0,1.0,ORDERED with align,0,0,1.0,ORDERED with align,12,0,0.9999999999999999,ORDERED with align,1,0,1.0,ORDERED with align,1,0,1.0,ORDERED with align,0,0,1.0,ORDERED with align,1,0,1.0,ORDERED with align
0,0,1.0,ORDERED with align,7,1,0.9683794466403164,ORDERED with align,1,0,0.9999999999999999,ORDERED with align,1,0,0.9999999999999999,ORDERED with align,0,0,1.0,ORDERED with align,1,0,0.9999999999999999,ORDERED with align,1,0,0.9999999999999999,ORDERED with align,0,0,1.0,ORDERED with align,1,0,0.9999999999999999,ORDERED with align
1,0,1.0,ORDERED with align,10,4,-0.5176470588235293,ORDERED with align,2,0,1.0,ORDERED with align,2,0,1.0,ORDERED with align,2,0,1.0,ORDERED with align,1,0,1.0,ORDERED with align,0,0,1.0,ORDERED with align,0,0,1.0,ORDERED with align,1,0,1.0,ORDERED with align
1,0,1.0,ORDERED with align,1,2,0.7,ORDERED with align,1,0,1.0,ORDERED with align,1,0,1.0,ORDERED with align,0,0,1.0,ORDERED with align,0,0,1.0,ORDERED with align,2,0,1.0,ORDERED with align,0,0,1.0,ORDERED with align,0,0,1.0,ORDERED with align
2,0,1.0,ORDERED with align,21,7,-0.07058823529411765,ORDERED with align,2,0,1.0,ORDERED with align,2,0,1.0,ORDERED with align,2,0,1.0,ORDERED with align,2,0,1.0,ORDERED with align,2,0,1.0,ORDERED with align,2,0,1.0,ORDERED with align,2,0,1.0,ORDERED with align
2,0,1.0,ORDERED with align,2,0,0.9999999999999999,ORDERED with align,2,0,1.0,ORDERED with align,2,0,1.0,ORDERED with align,2,0,1.0,ORDERED with align,2,0,1.0,ORDERED with align,2,0,1.0,ORDERED with align,2,0,1.0,ORDERED with align,2,0,1.0,ORDERED with align
1,0,1.0,ORDERED with align,5,0,1.0,ORDERED with align,1,0,1.0,ORDERED with align,1,0,1.0,ORDERED with align,1,0,1.0,ORDERED with align,1,0,1.0,ORDERED with align,1,0,1.0,ORDERED with align,1,0,1.0,ORDERED with align,1,0,1.0,ORDERED with align
2,0,0.9999999999999998,ORDERED with align,10,5,-0.09782608695652174,ORDERED with align,14,0,1.0,ORDERED with align,1,0,1.0,ORDERED with align,1,0,1.0,ORDERED with align,1,0,1.0,ORDERED with align,14,0,1.0,ORDERED with align,14,0,1.0,ORDERED with align,14,0,1.0,ORDERED with align
1,0,1.0,ORDERED with align,9,0,0.9999999999999999,ORDERED with align,11,0,1.0,ORDERED with align,0,0,1.0,ORDERED with align,8,0,1.0,ORDERED with align,8,0,1.0,ORDERED with align,8,0,1.0,ORDERED with align,8,0,1.0,ORDERED with align,8,0,1.0,ORDERED with align
4,2,0.9794117647058824,ORDERED with align,2,2,0.8988648090815273,ORDERED with align,1,0,1.0,ORDERED with align,4,2,0.9794117647058824,ORDERED with align,1,0,1.0,ORDERED with align,4,2,0.9794117647058824,ORDERED with align,0,0,1.0,ORDERED with align,1,0,1.0,ORDERED with align,1,0,1.0,ORDERED with align
9,0,1.0,ORDERED with align,9,0,1.0,ORDERED with align,1,0,0.9999999999999999,ORDERED with align,9,0,1.0,ORDERED with align,1,0,0.9999999999999999,ORDERED with align,2,1,0.9991304347826085,ORDERED with align,9,0,1.0,ORDERED with align,1,0,0.9999999999999999,ORDERED with align,9,0,1.0,ORDERED with align
2,2,0.9085262563523435,ORDERED with align,6,2,0.9278195488721804,ORDERED with align,1,0,1.0,ORDERED with align,1,0,1.0,ORDERED with align,1,0,1.0,ORDERED with align,2,2,0.9085262563523435,ORDERED with align,0,0,1.0,ORDERED with align,2,2,0.9085262563523435,ORDERED with align,1,0,1.0,ORDERED with align
3,0,0.9999999999999999,ORDERED with align,2,2,0.8626373626373626,ORDERED with align,1,0,1.0,ORDERED with align,1,0,1.0,ORDERED with align,3,0,0.9999999999999999,ORDERED with align,1,0,1.0,ORDERED with align,0,0,1.0,ORDERED with align,3,0,0.9999999999999999,ORDERED with align,3,0,0.9999999999999999,ORDERED with align
1,0,0.9999999999999998,ORDERED with align,7,2,0.9397233201581027,ORDERED with align,1,0,0.9999999999999998,ORDERED with align,1,0,0.9999999999999998,ORDERED with align,1,0,0.9999999999999998,ORDERED with align,1,0,0.9999999999999998,ORDERED with align,0,0,0.9999999999999998,ORDERED with align,1,0,0.9999999999999998,ORDERED with align,1,0,0.9999999999999998,ORDERED with align
1,0,1.0,ORDERED with align,5,1,0.9954887218045112,ORDERED with align,1,0,1.0,ORDERED with align,1,0,1.0,ORDERED with align,0,0,1.0,ORDERED with align,0,0,1.0,ORDERED with align,1,0,1.0,ORDERED with align,1,0,1.0,ORDERED with align,1,0,1.0,ORDERED with align
7,1,0.8461538461538461,ORDERED with align,5,0,1.0,ORDERED with align,5,1,0.8392857142857142,ORDERED with align,2,0,1.0,ORDERED with align,7,1,0.8461538461538461,ORDERED with align,2,0,1.0,ORDERED with align,0,0,1.0,ORDERED with align,7,1,0.8461538461538461,ORDERED with align,7,1,0.8461538461538461,ORDERED with align
1,0,1.0,ORDERED with align,0,0,1.0,ORDERED with align,1,0,1.0,ORDERED with align,2,0,1.0,ORDERED with align,1,0,1.0,ORDERED with align,1,0,1.0,ORDERED with align,1,0,1.0,ORDERED with align,1,0,1.0,ORDERED with align,1,0,1.0,ORDERED with align
1,0,1.0,ORDERED with align,3,2,0.981424148606811,ORDERED with align,0,0,1.0,ORDERED with align,0,0,1.0,ORDERED with align,0,0,1.0,ORDERED with align,0,0,1.0,ORDERED with align,0,0,1.0,ORDERED with align,0,0,1.0,ORDERED with align,0,0,1.0,ORDERED with align
24,1,0.9580419580419581,ORDERED with align,14,6,0.9348659003831418,ORDERED with align,1,0,1.0,ORDERED with align,2,0,1.0,ORDERED with align,1,0,1.0,ORDERED with align,2,0,1.0,ORDERED with align,1,0,1.0,ORDERED with align,2,0,1.0,ORDERED with align,2,0,1.0,ORDERED with align
1,0,1.0,ORDERED with align,3,2,0.993984962406015,ORDERED with align,1,0,1.0,ORDERED with align,1,0,1.0,ORDERED with align,1,0,1.0,ORDERED with align,1,0,1.0,ORDERED with align,1,0,1.0,ORDERED with align,1,0,1.0,ORDERED with align,1,0,1.0,ORDERED with align
1,0,1.0,ORDERED with align,4,3,-1.0,ORDERED with align,1,0,1.0,ORDERED with align,1,0,1.0,ORDERED with align,1,0,1.0,ORDERED with align,1,0,1.0,ORDERED with align,1,0,1.0,ORDERED with align,1,0,1.0,ORDERED with align,1,0,1.0,ORDERED with align
0,0,1.0,ORDERED with align,6,2,-0.5549450549450549,ORDERED with align,0,0,1.0,ORDERED with align,0,0,1.0,ORDERED with align,0,0,1.0,ORDERED with align,0,0,1.0,ORDERED with align,0,0,1.0,ORDERED with align,6,0,1.0,ORDERED with align,0,0,1.0,ORDERED with align
1,0,1.0,ORDERED with align,8,3,0.9264705882352943,ORDERED with align,1,0,1.0,ORDERED with align,1,0,1.0,ORDERED with align,1,0,1.0,ORDERED with align,1,0,1.0,ORDERED with align,1,0,1.0,ORDERED with align,2,0,1.0,ORDERED with align,1,0,1.0,ORDERED with align
3,1,0.9454545454545454,ORDERED with align,4,0,1.0,ORDERED with align,2,0,1.0,ORDERED with align,2,0,1.0,ORDERED with align,5,1,0.990909090909091,ORDERED with align,3,1,0.9454545454545454,ORDERED with align,3,1,0.9454545454545454,ORDERED with align,5,1,0.990909090909091,ORDERED with align,3,1,0.9454545454545454,ORDERED with align
1,0,1.0,ORDERED with align,27,0,1.0,ORDERED with align,1,0,1.0,ORDERED with align,5,0,1.0,ORDERED with align,5,0,1.0,ORDERED with align,5,0,1.0,ORDERED with align,32,0,1.0,ORDERED with align,5,0,1.0,ORDERED with align,5,0,1.0,ORDERED with align
1,0,1.0,ORDERED with align,6,3,0.7696969696969697,ORDERED with align,2,0,1.0,ORDERED with align,2,0,1.0,ORDERED with align,2,0,1.0,ORDERED with align,2,0,1.0,ORDERED with align,2,0,1.0,ORDERED with align,2,0,1.0,ORDERED with align,2,0,1.0,ORDERED with align
1,0,1.0,ORDERED with align,3,0,1.0,ORDERED with align,1,0,1.0,ORDERED with align,6,0,1.0,ORDERED with align,1,0,1.0,ORDERED with align,1,0,1.0,ORDERED with align,1,0,1.0,ORDERED with align,1,0,1.0,ORDERED with align,1,0,1.0,ORDERED with align
0,0,1.0,ORDERED with align,0,0,1.0,ORDERED with align,0,0,1.0,ORDERED with align,0,0,1.0,ORDERED with align,0,0,1.0,ORDERED with align,0,0,1.0,ORDERED with align,0,0,1.0,ORDERED with align,0,0,1.0,ORDERED with align,0,0,1.0,ORDERED with align
1,0,1.0,ORDERED with align,1,1,0.9911764705882352,ORDERED with align,1,1,0.9970588235294118,ORDERED with align,1,0,1.0,ORDERED with align,1,1,0.9970588235294118,ORDERED with align,1,0,1.0,ORDERED with align,1,0,1.0,ORDERED with align,1,0,1.0,ORDERED with align,1,0,1.0,ORDERED with align
1,0,1.0,ORDERED with align,2,0,1.0,ORDERED with align,3,0,1.0,ORDERED with align,3,0,1.0,ORDERED with align,1,0,1.0,ORDERED with align,3,0,1.0,ORDERED with align,3,0,1.0,ORDERED with align,3,0,1.0,ORDERED with align,3,0,1.0,ORDERED with align
0,0,1.0,ORDERED with align,0,0,1.0,ORDERED with align,0,0,1.0,ORDERED with align,0,0,1.0,ORDERED with align,0,0,1.0,ORDERED with align,0,0,1.0,ORDERED with align,0,0,1.0,ORDERED with align,0,0,1.0,ORDERED with align,0,0,1.0,ORDERED with align
4,2,0.8833333333333333,ORDERED with align,2,1,0.6606060606060605,ORDERED with align,4,2,0.8833333333333333,ORDERED with align,3,1,0.9500000000000001,ORDERED with align,4,2,0.8833333333333333,ORDERED with align,3,1,0.9500000000000001,ORDERED with align,4,2,0.8833333333333333,ORDERED with align,4,2,0.8833333333333333,ORDERED with align,4,2,0.8833333333333333,ORDERED with align
3,0,1.0,ORDERED with align,6,3,0.8464144551101074,ORDERED with align,3,0,1.0,ORDERED with align,3,0,1.0,ORDERED with align,3,0,1.0,ORDERED with align,3,0,1.0,ORDERED with align,3,0,1.0,ORDERED with align,3,0,1.0,ORDERED with align,3,0,1.0,ORDERED with align
1,0,1.0,ORDERED with align,0,0,1.0,ORDERED with align,2,1,0.9970588235294118,ORDERED with align,4,0,1.0,ORDERED with align,4,0,1.0,ORDERED with align,4,0,1.0,ORDERED with align,1,0,1.0,ORDERED with align,4,0,1.0,ORDERED with align,4,0,1.0,ORDERED with align
0,0,0.9999999999999999,ORDERED with align,7,2,0.9,ORDERED with align,4,1,0.7857142857142859,ORDERED with align,4,1,0.7857142857142859,ORDERED with align,4,1,0.7857142857142859,ORDERED with align,4,1,0.7857142857142859,ORDERED with align,0,0,0.9999999999999999,ORDERED with align,4,1,0.7857142857142859,ORDERED with align,4,1,0.7857142857142859,ORDERED with align
5,2,-0.6,ORDERED with align,4,2,-0.2606060606060606,ORDERED with align,3,0,1.0,ORDERED with align,5,2,-0.6,ORDERED with align,1,0,1.0,ORDERED with align,1,0,1.0,ORDERED with align,3,0,1.0,ORDERED with align,5,2,-0.6,ORDERED with align,1,0,1.0,ORDERED with align
1,0,1.0,ORDERED with align,2,1,0.9422084623323013,ORDERED with align,1,0,1.0,ORDERED with align,1,0,1.0,ORDERED with align,1,0,1.0,ORDERED with align,1,0,1.0,ORDERED with align,1,0,1.0,ORDERED with align,1,0,1.0,ORDERED with align,1,0,1.0,ORDERED with align
2,0,1.0,ORDERED with align,2,0,1.0,ORDERED with align,1,0,1.0,ORDERED with align,2,0,1.0,ORDERED with align,2,0,1.0,ORDERED with align,1,0,1.0,ORDERED with align,1,0,1.0,ORDERED with align,1,0,1.0,ORDERED with align,3,0,1.0,ORDERED with align
2,0,1.0,ORDERED with align,3,1,0.9790209790209792,ORDERED with align,2,0,1.0,ORDERED with align,2,0,1.0,ORDERED with align,9,0,0.9999999999999999,ORDERED with align,2,0,1.0,ORDERED with align,2,0,1.0,ORDERED with align,9,0,0.9999999999999999,ORDERED with align,9,0,0.9999999999999999,ORDERED with align
3,0,1.0,ORDERED with align,15,6,0.8530769230769231,ORDERED with align,3,0,1.0,ORDERED with align,3,0,1.0,ORDERED with align,2,0,1.0,ORDERED with align,2,0,1.0,ORDERED with align,3,0,1.0,ORDERED with align,3,0,1.0,ORDERED with align,3,0,1.0,ORDERED with align
12,0,1.0,ORDERED with align,5,1,0.9955506117908787,ORDERED with align,16,0,1.0,ORDERED with align,12,0,1.0,ORDERED with align,16,0,1.0,ORDERED with align,12,0,1.0,ORDERED with align,12,0,1.0,ORDERED with align,12,0,1.0,ORDERED with align,16,0,1.0,ORDERED with align
1,0,1.0,ORDERED with align,6,1,0.9674876847290638,ORDERED with align,12,0,1.0,ORDERED with align,10,1,0.9683794466403164,ORDERED with align,10,1,0.9683794466403164,ORDERED with align,12,0,1.0,ORDERED with align,0,0,1.0,ORDERED with align,12,0,1.0,ORDERED with align,12,0,1.0,ORDERED with align
1,0,1.0,ORDERED with align,10,2,0.2657342657342658,ORDERED with align,13,0,1.0,ORDERED with align,13,0,1.0,ORDERED with align,13,0,1.0,ORDERED with align,13,0,1.0,ORDERED with align,13,0,1.0,ORDERED with align,13,0,1.0,ORDERED with align,13,0,1.0,ORDERED with align
2,0,1.0,ORDERED with align,5,3,0.9480519480519479,ORDERED with align,2,0,1.0,ORDERED with align,2,0,0.9999999999999999,ORDERED with align,2,0,0.9999999999999999,ORDERED with align,2,0,0.9999999999999999,ORDERED with align,2,0,1.0,ORDERED with align,2,0,0.9999999999999999,ORDERED with align,2,0,1.0,ORDERED with align
1,0,1.0,ORDERED with align,1,0,1.0,ORDERED with align,1,0,1.0,ORDERED with align,1,0,1.0,ORDERED with align,1,0,1.0,ORDERED with align,1,0,1.0,ORDERED with align,1,0,1.0,ORDERED with align,1,0,1.0,ORDERED with align,1,0,1.0,ORDERED with align
1,0,1.0,ORDERED with align,2,0,1.0,ORDERED with align,1,0,1.0,ORDERED with align,1,0,1.0,ORDERED with align,1,0,1.0,ORDERED with align,1,0,1.0,ORDERED with align,1,0,1.0,ORDERED with align,1,0,1.0,ORDERED with align,1,0,1.0,ORDERED with align
0,0,1.0,ORDERED with align,1,0,1.0,ORDERED with align,1,0,1.0,ORDERED with align,1,0,1.0,ORDERED with align,1,0,1.0,ORDERED with align,1,0,1.0,ORDERED with align,1,0,1.0,ORDERED with align,1,0,1.0,ORDERED with align,0,0,1.0,ORDERED with align
7,0,1.0,ORDERED with align,12,7,-0.1961038961038961,ORDERED with align,1,0,1.0,ORDERED with align,1,0,1.0,ORDERED with align,1,0,1.0,ORDERED with align,1,0,1.0,ORDERED with align,1,0,1.0,ORDERED with align,1,0,1.0,ORDERED with align,1,0,1.0,ORDERED with align
0,0,1.0,ORDERED with align,3,0,1.0,ORDERED with align,1,0,1.0,ORDERED with align,1,0,1.0,ORDERED with align,1,0,1.0,ORDERED with align,1,0,1.0,ORDERED with align,1,0,1.0,ORDERED with align,1,0,1.0,ORDERED with align,1,0,1.0,ORDERED with align
2,0,1.0,ORDERED with align,0,0,1.0,ORDERED with align,2,0,1.0,ORDERED with align,0,0,1.0,ORDERED with align,0,0,1.0,ORDERED with align,1,0,1.0,ORDERED with align,0,0,1.0,ORDERED with align,0,0,1.0,ORDERED with align,0,0,1.0,ORDERED with align
1,0,1.0,ORDERED with align,1,0,1.0,ORDERED with align,1,0,1.0,ORDERED with align,1,0,1.0,ORDERED with align,1,0,1.0,ORDERED with align,1,0,1.0,ORDERED with align,1,0,1.0,ORDERED with align,1,0,1.0,ORDERED with align,1,0,1.0,ORDERED with align
2,0,1.0,ORDERED with align,7,4,0.7842105263157895,ORDERED with align,3,0,0.9999999999999999,ORDERED with align,1,0,1.0,ORDERED with align,1,0,1.0,ORDERED with align,1,0,1.0,ORDERED with align,1,0,1.0,ORDERED with align,1,0,1.0,ORDERED with align,1,0,1.0,ORDERED with align
0,0,1.0,ORDERED with align,12,6,0.007352941176470588,ORDERED with align,1,0,1.0,ORDERED with align,1,0,1.0,ORDERED with align,1,0,1.0,ORDERED with align,1,0,1.0,ORDERED with align,0,0,1.0,ORDERED with align,1,0,1.0,ORDERED with align,0,0,1.0,ORDERED with align
1,0,0.9999999999999999,ORDERED with align,5,1,0.9966120835686054,ORDERED with align,1,0,0.9999999999999999,ORDERED with align,1,0,0.9999999999999999,ORDERED with align,1,0,0.9999999999999999,ORDERED with align,18,0,1.0,ORDERED with align,0,0,0.9999999999999999,ORDERED with align,1,0,0.9999999999999999,ORDERED with align,1,0,0.9999999999999999,ORDERED with align
1,0,1.0,ORDERED with align,5,2,-0.5174825174825175,ORDERED with align,2,0,1.0,ORDERED with align,1,0,1.0,ORDERED with align,0,0,1.0,ORDERED with align,1,0,1.0,ORDERED with align,0,0,1.0,ORDERED with align,0,0,1.0,ORDERED with align,1,0,1.0,ORDERED with align
0,0,1.0,ORDERED with align,0,0,1.0,ORDERED with align,0,0,1.0,ORDERED with align,0,0,1.0,ORDERED with align,0,0,1.0,ORDERED with align,0,0,1.0,ORDERED with align,0,0,1.0,ORDERED with align,0,0,1.0,ORDERED with align,2,0,1.0,ORDERED with align
1,0,1.0,ORDERED with align,2,0,1.0,ORDERED with align,1,0,1.0,ORDERED with align,3,0,1.0,ORDERED with align,3,0,1.0,ORDERED with align,1,0,1.0,ORDERED with align,1,0,1.0,ORDERED with align,1,0,1.0,ORDERED with align,1,0,1.0,ORDERED with align
1,0,1.0,ORDERED with align,0,0,1.0,ORDERED with align,1,0,1.0,ORDERED with align,1,0,1.0,ORDERED with align,1,0,1.0,ORDERED with align,1,0,1.0,ORDERED with align,1,0,1.0,ORDERED with align,1,0,1.0,ORDERED with align,1,0,1.0,ORDERED with align
2,0,1.0,ORDERED with align,5,2,-0.18787878787878787,ORDERED with align,2,0,1.0,ORDERED with align,2,0,1.0,ORDERED with align,4,0,0.9999999999999999,ORDERED with align,4,0,0.9999999999999999,ORDERED with align,2,0,1.0,ORDERED with align,2,0,1.0,ORDERED with align,4,0,0.9999999999999999,ORDERED with align
0,0,1.0,ORDERED with align,9,3,0.41208791208791207,ORDERED with align,0,0,1.0,ORDERED with align,1,0,1.0,ORDERED with align,1,0,1.0,ORDERED with align,1,0,1.0,ORDERED with align,0,0,1.0,ORDERED with align,0,0,1.0,ORDERED with align,1,0,1.0,ORDERED with align
1,0,0.9999999999999998,ORDERED with align,13,3,0.9052631578947368,ORDERED with align,1,0,0.9999999999999998,ORDERED with align,1,0,0.9999999999999998,ORDERED with align,1,0,0.9999999999999998,ORDERED with align,1,0,0.9999999999999998,ORDERED with align,1,0,0.9999999999999998,ORDERED with align,1,0,0.9999999999999998,ORDERED with align,1,0,0.9999999999999998,ORDERED with align
2,0,1.0,ORDERED with align,5,1,-0.4303405572755417,ORDERED with align,2,0,1.0,ORDERED with align,7,0,1.0,ORDERED with align,2,0,1.0,ORDERED with align,7,0,1.0,ORDERED with align,2,0,1.0,ORDERED with align,2,0,1.0,ORDERED with align,7,0,1.0,ORDERED with align
1,0,1.0,ORDERED with align,0,0,1.0,ORDERED with align,1,0,1.0,ORDERED with align,1,0,1.0,ORDERED with align,1,0,1.0,ORDERED with align,1,0,1.0,ORDERED with align,1,0,1.0,ORDERED with align,1,0,1.0,ORDERED with align,1,0,1.0,ORDERED with align
2,0,1.0,ORDERED with align,3,3,0.6467532467532467,ORDERED with align,1,0,1.0,ORDERED with align,2,0,1.0,ORDERED with align,2,0,1.0,ORDERED with align,0,0,1.0,ORDERED with align,0,0,1.0,ORDERED with align,1,0,1.0,ORDERED with align,1,0,1.0,ORDERED with align
1,0,1.0,ORDERED with align,4,0,1.0,ORDERED with align,2,0,1.0,ORDERED with align,2,0,1.0,ORDERED with align,2,0,1.0,ORDERED with align,2,0,1.0,ORDERED with align,1,0,1.0,ORDERED with align,2,0,1.0,ORDERED with align,2,0,1.0,ORDERED with align
1,0,1.0,ORDERED with align,0,0,0.9999999999999999,ORDERED with align,1,0,1.0,ORDERED with align,1,0,1.0,ORDERED with align,1,0,1.0,ORDERED with align,1,0,1.0,ORDERED with align,1,0,0.9999999999999999,ORDERED with align,1,0,1.0,ORDERED with align,1,0,1.0,ORDERED with align
0,0,1.0,ORDERED with align,6,3,0.39999999999999997,ORDERED with align,0,0,1.0,ORDERED with align,0,0,1.0,ORDERED with align,0,0,1.0,ORDERED with align,0,0,1.0,ORDERED with align,0,0,1.0,ORDERED with align,0,0,1.0,ORDERED with align,0,0,1.0,ORDERED with align
1,0,1.0,ORDERED with align,0,0,1.0,ORDERED with align,1,0,0.9999999999999999,ORDERED with align,1,0,0.9999999999999999,ORDERED with align,1,0,0.9999999999999999,ORDERED with align,1,0,0.9999999999999999,ORDERED with align,0,0,1.0,ORDERED with align,1,0,0.9999999999999999,ORDERED with align,1,0,0.9999999999999999,ORDERED with align
11,0,0.9999999999999999,ORDERED with align,24,4,0.6214285714285712,ORDERED with align,11,0,0.9999999999999999,ORDERED with align,11,0,0.9999999999999999,ORDERED with align,18,0,1.0,ORDERED with align,1,0,0.9999999999999999,ORDERED with align,18,0,1.0,ORDERED with align,18,0,1.0,ORDERED with align,11,0,0.9999999999999999,ORDERED with align
0,0,0.9999999999999999,ORDERED with align,0,0,0.9999999999999999,ORDERED with align,2,0,1.0,ORDERED with align,1,0,0.9999999999999999,ORDERED with align,1,0,0.9999999999999999,ORDERED with align,1,0,0.9999999999999999,ORDERED with align,0,0,0.9999999999999999,ORDERED with align,1,0,0.9999999999999999,ORDERED with align,1,0,0.9999999999999999,ORDERED with align
3,2,0.9264705882352942,ORDERED with align,2,0,1.0,ORDERED with align,3,2,0.9264705882352942,ORDERED with align,2,0,1.0,ORDERED with align,3,2,0.9264705882352942,ORDERED with align,3,2,0.9264705882352942,ORDERED with align,3,2,0.9264705882352942,ORDERED with align,3,2,0.9264705882352942,ORDERED with align,3,2,0.9264705882352942,ORDERED with align
1,0,0.9999999999999999,ORDERED with align,4,3,0.9377777777777777,ORDERED with align,1,0,0.9999999999999999,ORDERED with align,1,0,0.9999999999999999,ORDERED with align,1,0,0.9999999999999999,ORDERED with align,2,0,0.9999999999999999,ORDERED with align,1,0,0.9999999999999999,ORDERED with align,2,0,0.9999999999999999,ORDERED with align,1,0,0.9999999999999999,ORDERED with align
2,0,1.0,ORDERED with align,3,0,1.0,ORDERED with align,13,0,1.0,ORDERED with align,2,0,1.0,ORDERED with align,8,0,1.0,ORDERED with align,1,0,1.0,ORDERED with align,8,0,1.0,ORDERED with align,8,0,1.0,ORDERED with align,1,0,1.0,ORDERED with align
3,2,0.9945054945054945,ORDERED with align,8,6,0.7289666854884248,ORDERED with align,2,0,0.9999999999999999,ORDERED with align,3,2,0.9945054945054945,ORDERED with align,2,0,0.9999999999999999,ORDERED with align,3,0,1.0,ORDERED with align,3,2,0.9945054945054945,ORDERED with align,3,2,0.9945054945054945,ORDERED with align,3,0,1.0,ORDERED with align
3,0,1.0,ORDERED with align,1,0,0.9999999999999999,ORDERED with align,3,0,1.0,ORDERED with align,3,0,1.0,ORDERED with align,1,0,1.0,ORDERED with align,3,0,1.0,ORDERED with align,0,0,1.0,ORDERED with align,1,0,1.0,ORDERED with align,1,0,1.0,ORDERED with align
1,0,0.9999999999999999,ORDERED with align,3,0,0.9999999999999999,ORDERED with align,1,0,0.9999999999999998,ORDERED with align,2,0,0.9999999999999999,ORDERED with align,1,0,0.9999999999999998,ORDERED with align,1,0,0.9999999999999999,ORDERED with align,1,0,0.9999999999999999,ORDERED with align,1,0,0.9999999999999998,ORDERED with align,2,0,0.9999999999999999,ORDERED with align
1,0,1.0,ORDERED with align,4,0,1.0,ORDERED with align,1,0,1.0,ORDERED with align,1,0,1.0,ORDERED with align,1,0,1.0,ORDERED with align,1,0,1.0,ORDERED with align,1,0,1.0,ORDERED with align,1,0,1.0,ORDERED with align,1,0,1.0,ORDERED with align
2,0,1.0,ORDERED with align,1,0,1.0,ORDERED with align,1,0,1.0,ORDERED with align,3,0,1.0,ORDERED with align,1,0,1.0,ORDERED with align,3,0,1.0,ORDERED with align,3,0,1.0,ORDERED with align,1,0,1.0,ORDERED with align,1,0,1.0,ORDERED with align
2,0,1.0,ORDERED with align,0,1,0.9790209790209792,ORDERED with align,1,0,1.0,ORDERED with align,2,0,1.0,ORDERED with align,1,0,1.0,ORDERED with align,2,0,1.0,ORDERED with align,1,0,1.0,ORDERED with align,2,0,1.0,ORDERED with align,1,0,1.0,ORDERED with align
2,0,1.0,ORDERED with align,1,1,0.9930069930069931,ORDERED with align,2,1,0.9300699300699302,ORDERED with align,2,1,0.9300699300699302,ORDERED with align,2,0,1.0,ORDERED with align,2,0,1.0,ORDERED with align,2,0,1.0,ORDERED with align,2,0,1.0,ORDERED with align,2,0,1.0,ORDERED with align
16,1,0.9090909090909091,ORDERED with align,0,0,0.9999999999999999,ORDERED with align,14,0,1.0,ORDERED with align,14,0,1.0,ORDERED with align,10,0,1.0,ORDERED with align,14,0,1.0,ORDERED with align,10,0,1.0,ORDERED with align,10,0,1.0,ORDERED with align,10,0,1.0,ORDERED with align
2,0,1.0,ORDERED with align,4,2,0.9593450028232637,ORDERED with align,2,0,1.0,ORDERED with align,2,0,1.0,ORDERED with align,11,0,1.0,ORDERED with align,2,0,1.0,ORDERED with align,2,0,1.0,ORDERED with align,2,0,1.0,ORDERED with align,2,0,1.0,ORDERED with align
5,0,1.0,ORDERED with align,8,1,0.9945054945054945,ORDERED with align,2,0,1.0,ORDERED with align,8,0,1.0,ORDERED with align,8,0,1.0,ORDERED with align,8,0,1.0,ORDERED with align,8,0,1.0,ORDERED with align,2,0,1.0,ORDERED with align,8,0,1.0,ORDERED with align
1,0,1.0,ORDERED with align,3,1,0.990909090909091,ORDERED with align,1,0,1.0,ORDERED with align,1,0,1.0,ORDERED with align,1,0,1.0,ORDERED with align,1,0,1.0,ORDERED with align,4,1,0.75,ORDERED with align,1,0,1.0,ORDERED with align,1,0,1.0,ORDERED with align
1,0,1.0,ORDERED with align,0,0,1.0,ORDERED with align,2,0,1.0,ORDERED with align,1,0,1.0,ORDERED with align,1,0,1.0,ORDERED with align,1,0,1.0,ORDERED with align,4,1,0.7098901098901099,ORDERED with align,1,0,1.0,ORDERED with align,1,0,1.0,ORDERED with align
2,0,1.0,ORDERED with align,0,0,0.9999999999999999,ORDERED with align,2,0,1.0,ORDERED with align,2,0,1.0,ORDERED with align,2,0,1.0,ORDERED with align,2,0,1.0,ORDERED with align,3,1,0.9761904761904763,ORDERED with align,2,0,1.0,ORDERED with align,2,0,1.0,ORDERED with align
3,0,1.0,ORDERED with align,2,0,1.0,ORDERED with align,3,0,1.0,ORDERED with align,3,0,1.0,ORDERED with align,5,1,0.5636363636363636,ORDERED with align,3,0,1.0,ORDERED with align,3,0,1.0,ORDERED with align,3,0,1.0,ORDERED with align,3,0,1.0,ORDERED with align
1,0,1.0,ORDERED with align,7,5,0.3098901098901099,ORDERED with align,1,0,1.0,ORDERED with align,1,0,1.0,ORDERED with align,1,0,1.0,ORDERED with align,1,0,1.0,ORDERED with align,1,0,1.0,ORDERED with align,1,0,1.0,ORDERED with align,1,0,1.0,ORDERED with align
7,0,0.9999999999999999,ORDERED with align,6,1,0.9868131868131869,ORDERED with align,1,0,1.0,ORDERED with align,1,0,1.0,ORDERED with align,1,0,1.0,ORDERED with align,1,0,1.0,ORDERED with align,1,0,1.0,ORDERED with align,1,0,1.0,ORDERED with align,7,0,0.9999999999999999,ORDERED with align
1,0,1.0,ORDERED with align,7,1,0.863157894736842,ORDERED with align,0,0,1.0,ORDERED with align,13,0,1.0,ORDERED with align,1,0,1.0,ORDERED with align,13,0,1.0,ORDERED with align,0,0,1.0,ORDERED with align,0,0,1.0,ORDERED with align,0,0,1.0,ORDERED with align
36,2,0.20909090909090913,ORDERED with align,28,8,0.5826086956521739,ORDERED with align,36,2,0.20909090909090913,ORDERED with align,19,6,0.9573257467994309,ORDERED with align,36,2,0.20909090909090913,ORDERED with align,36,2,0.20909090909090913,ORDERED with align,19,6,0.9573257467994309,ORDERED with align,19,6,0.9573257467994309,ORDERED with align,36,2,0.20909090909090913,ORDERED with align
3,3,0.8785103785103784,ORDERED with align,4,0,1.0,ORDERED with align,3,1,0.9466666666666665,ORDERED with align,3,3,0.8785103785103784,ORDERED with align,2,2,0.8968253968253967,ORDERED with align,3,3,0.8785103785103784,ORDERED with align,2,2,0.8968253968253967,ORDERED with align,3,1,0.9466666666666665,ORDERED with align,3,1,0.9466666666666665,ORDERED with align
11,0,1.0,ORDERED with align,1,0,1.0,ORDERED with align,11,0,1.0,ORDERED with align,1,0,1.0,ORDERED with align,1,0,1.0,ORDERED with align,11,0,1.0,ORDERED with align,11,0,1.0,ORDERED with align,11,0,1.0,ORDERED with align,1,0,1.0,ORDERED with align
23,0,1.0,ORDERED with align,8,0,0.9999999999999999,ORDERED with align,23,0,1.0,ORDERED with align,22,0,1.0,ORDERED with align,22,0,1.0,ORDERED with align,23,0,1.0,ORDERED with align,22,0,1.0,ORDERED with align,23,0,1.0,ORDERED with align,23,0,1.0,ORDERED with align
1,0,1.0,ORDERED with align,7,1,0.9684210526315788,ORDERED with align,1,0,1.0,ORDERED with align,1,0,1.0,ORDERED with align,1,0,1.0,ORDERED with align,1,0,1.0,ORDERED with align,1,0,1.0,ORDERED with align,1,0,1.0,ORDERED with align,1,0,1.0,ORDERED with align
1,0,1.0,ORDERED with align,6,0,1.0,ORDERED with align,11,0,1.0,ORDERED with align,1,0,1.0,ORDERED with align,1,0,1.0,ORDERED with align,1,0,1.0,ORDERED with align,5,0,1.0,ORDERED with align,11,0,1.0,ORDERED with align,1,0,1.0,ORDERED with align
1,0,1.0,ORDERED with align,7,5,0.7123076923076922,ORDERED with align,1,0,1.0,ORDERED with align,1,0,1.0,ORDERED with align,1,0,1.0,ORDERED with align,1,0,1.0,ORDERED with align,0,0,1.0,ORDERED with align,1,0,1.0,ORDERED with align,1,0,1.0,ORDERED with align
0,0,1.0,ORDERED with align,4,2,0.9830769230769232,ORDERED with align,0,0,1.0,ORDERED with align,0,0,1.0,ORDERED with align,0,0,1.0,ORDERED with align,0,0,1.0,ORDERED with align,0,0,1.0,ORDERED with align,0,0,1.0,ORDERED with align,0,0,1.0,ORDERED with align
1,0,1.0,ORDERED with align,11,4,0.365330321852061,ORDERED with align,1,0,1.0,ORDERED with align,1,0,1.0,ORDERED with align,1,0,1.0,ORDERED with align,2,0,1.0,ORDERED with align,1,0,1.0,ORDERED with align,1,0,1.0,ORDERED with align,1,0,1.0,ORDERED with align
4,0,1.0,ORDERED with align,6,3,0.9203007518796992,ORDERED with align,5,2,0.985294117647059,ORDERED with align,5,2,0.985294117647059,ORDERED with align,5,2,0.985294117647059,ORDERED with align,5,2,0.985294117647059,ORDERED with align,1,0,1.0,ORDERED with align,4,0,1.0,ORDERED with align,1,0,1.0,ORDERED with align
7,0,1.0,ORDERED with align,2,0,1.0,ORDERED with align,7,0,1.0,ORDERED with align,7,0,1.0,ORDERED with align,7,0,1.0,ORDERED with align,12,2,0.7166666666666667,ORDERED with align,7,0,1.0,ORDERED with align,7,0,1.0,ORDERED with align,12,2,0.7166666666666667,ORDERED with align
1,0,1.0,ORDERED with align,3,2,0.9333333333333332,ORDERED with align,1,0,1.0,ORDERED with align,1,0,1.0,ORDERED with align,1,0,1.0,ORDERED with align,1,0,1.0,ORDERED with align,0,0,1.0,ORDERED with align,1,0,1.0,ORDERED with align,1,0,1.0,ORDERED with align
1,0,1.0,ORDERED with align,4,3,0.9933756166314305,ORDERED with align,1,0,1.0,ORDERED with align,1,0,1.0,ORDERED with align,1,0,1.0,ORDERED with align,11,0,1.0,ORDERED with align,0,0,1.0,ORDERED with align,1,0,1.0,ORDERED with align,1,0,1.0,ORDERED with align
1,0,1.0,ORDERED with align,2,0,1.0,ORDERED with align,3,0,1.0,ORDERED with align,3,0,1.0,ORDERED with align,3,0,1.0,ORDERED with align,4,0,1.0,ORDERED with align,3,0,1.0,ORDERED with align,1,0,1.0,ORDERED with align,1,0,1.0,ORDERED with align
2,0,1.0,ORDERED with align,1,0,1.0,ORDERED with align,2,0,1.0,ORDERED with align,2,0,1.0,ORDERED with align,2,0,1.0,ORDERED with align,2,0,1.0,ORDERED with align,1,0,1.0,ORDERED with align,2,0,1.0,ORDERED with align,2,0,1.0,ORDERED with align
8,0,1.0,ORDERED with align,5,1,0.9945054945054945,ORDERED with align,1,1,0.8382352941176471,ORDERED with align,3,0,1.0,ORDERED with align,3,0,1.0,ORDERED with align,1,1,0.8382352941176471,ORDERED with align,2,0,1.0,ORDERED with align,1,1,0.8382352941176471,ORDERED with align,1,0,1.0,ORDERED with align
1,0,1.0,ORDERED with align,9,4,0.9333709768492378,ORDERED with align,0,0,1.0,ORDERED with align,1,0,1.0,ORDERED with align,0,0,1.0,ORDERED with align,0,0,1.0,ORDERED with align,0,0,1.0,ORDERED with align,0,0,1.0,ORDERED with align,0,0,1.0,ORDERED with align
1,0,1.0,ORDERED with align,9,4,0.6924664602683178,ORDERED with align,1,0,1.0,ORDERED with align,1,0,1.0,ORDERED with align,1,0,1.0,ORDERED with align,1,0,1.0,ORDERED with align,1,0,1.0,ORDERED with align,1,0,1.0,ORDERED with align,1,0,1.0,ORDERED with align
0,0,1.0,ORDERED with align,6,1,0.5454545454545455,ORDERED with align,5,0,1.0,ORDERED with align,5,0,1.0,ORDERED with align,1,0,1.0,ORDERED with align,5,0,1.0,ORDERED with align,10,0,1.0,ORDERED with align,5,0,1.0,ORDERED with align,5,0,1.0,ORDERED with align
1,0,1.0,ORDERED with align,8,8,0.00930487137383689,ORDERED with align,1,0,1.0,ORDERED with align,1,0,1.0,ORDERED with align,1,0,1.0,ORDERED with align,1,0,1.0,ORDERED with align,14,0,1.0,ORDERED with align,1,0,1.0,ORDERED with align,1,0,1.0,ORDERED with align
6,0,1.0,ORDERED with align,3,0,1.0,ORDERED with align,6,0,1.0,ORDERED with align,1,0,1.0,ORDERED with align,6,0,1.0,ORDERED with align,1,0,1.0,ORDERED with align,1,0,1.0,ORDERED with align,6,0,1.0,ORDERED with align,6,0,1.0,ORDERED with align
0,0,1.0,ORDERED with align,3,0,1.0,ORDERED with align,3,0,1.0,ORDERED with align,3,0,1.0,ORDERED with align,3,0,1.0,ORDERED with align,3,0,1.0,ORDERED with align,3,0,1.0,ORDERED with align,3,0,1.0,ORDERED with align,3,0,1.0,ORDERED with align
4,1,0.9790209790209792,ORDERED with align,6,0,1.0,ORDERED with align,4,1,0.9790209790209792,ORDERED with align,0,0,1.0,ORDERED with align,0,0,1.0,ORDERED with align,0,0,1.0,ORDERED with align,4,1,0.9790209790209792,ORDERED with align,0,0,1.0,ORDERED with align,0,0,1.0,ORDERED with align
1,0,1.0,ORDERED with align,5,2,0.8166666666666667,ORDERED with align,1,0,1.0,ORDERED with align,2,0,1.0,ORDERED with align,1,0,1.0,ORDERED with align,1,0,1.0,ORDERED with align,1,0,1.0,ORDERED with align,1,0,1.0,ORDERED with align,1,0,1.0,ORDERED with align
2,0,1.0,ORDERED with align,12,2,0.9977753058954394,ORDERED with align,28,0,1.0,ORDERED with align,2,0,1.0,ORDERED with align,20,1,0.863157894736842,ORDERED with align,28,0,1.0,ORDERED with align,28,0,1.0,ORDERED with align,2,0,1.0,ORDERED with align,2,0,1.0,ORDERED with align
4,0,1.0,ORDERED with align,0,0,0.9999999999999999,ORDERED with align,4,0,1.0,ORDERED with align,2,0,1.0,ORDERED with align,4,0,1.0,ORDERED with align,2,0,1.0,ORDERED with align,2,0,1.0,ORDERED with align,2,0,1.0,ORDERED with align,4,0,1.0,ORDERED with align
1,0,1.0,ORDERED with align,9,1,0.9963369963369964,ORDERED with align,6,1,0.9973303670745272,ORDERED with align,1,0,1.0,ORDERED with align,1,0,1.0,ORDERED with align,1,0,1.0,ORDERED with align,1,0,1.0,ORDERED with align,6,1,0.9973303670745272,ORDERED with align,6,1,0.9973303670745272,ORDERED with align
1,0,1.0,ORDERED with align,9,7,0.7673630717108978,ORDERED with align,1,0,1.0,ORDERED with align,1,0,1.0,ORDERED with align,1,0,1.0,ORDERED with align,1,0,1.0,ORDERED with align,2,0,1.0,ORDERED with align,1,0,1.0,ORDERED with align,1,0,1.0,ORDERED with align
4,0,1.0,ORDERED with align,0,0,0.9999999999999999,ORDERED with align,4,0,1.0,ORDERED with align,4,0,1.0,ORDERED with align,4,0,1.0,ORDERED with align,4,0,1.0,ORDERED with align,2,0,0.9999999999999999,ORDERED with align,4,0,1.0,ORDERED with align,4,0,1.0,ORDERED with align
28,1,0.6428571428571429,ORDERED with align,15,0,1.0,ORDERED with align,28,1,0.6428571428571429,ORDERED with align,26,1,0.75,ORDERED with align,26,1,0.75,ORDERED with align,26,1,0.75,ORDERED with align,26,1,0.75,ORDERED with align,26,1,0.75,ORDERED with align,26,1,0.75,ORDERED with align
1,0,1.0,ORDERED with align,0,0,1.0,ORDERED with align,1,0,1.0,ORDERED with align,1,0,1.0,ORDERED with align,1,0,1.0,ORDERED with align,11,0,0.9999999999999999,ORDERED with align,11,0,0.9999999999999999,ORDERED with align,11,0,0.9999999999999999,ORDERED with align,1,0,1.0,ORDERED with align
3,0,1.0,ORDERED with align,17,0,1.0,ORDERED with align,1,0,1.0,ORDERED with align,1,0,1.0,ORDERED with align,1,0,1.0,ORDERED with align,2,0,1.0,ORDERED with align,2,0,1.0,ORDERED with align,1,0,1.0,ORDERED with align,1,0,1.0,ORDERED with align
1,0,1.0,ORDERED with align,1,0,1.0,ORDERED with align,1,0,1.0,ORDERED with align,1,0,1.0,ORDERED with align,1,0,1.0,ORDERED with align,2,0,1.0,ORDERED with align,1,0,1.0,ORDERED with align,1,0,1.0,ORDERED with align,2,0,1.0,ORDERED with align
2,0,0.9999999999999998,ORDERED with align,15,0,1.0,ORDERED with align,1,0,0.9999999999999998,ORDERED with align,2,0,0.9999999999999999,ORDERED with align,1,0,0.9999999999999998,ORDERED with align,1,0,0.9999999999999998,ORDERED with align,1,0,0.9999999999999998,ORDERED with align,1,0,0.9999999999999998,ORDERED with align,1,0,0.9999999999999998,ORDERED with align
1,0,0.9999999999999998,ORDERED with align,16,1,0.9580419580419581,ORDERED with align,1,0,0.9999999999999998,ORDERED with align,1,0,0.9999999999999998,ORDERED with align,1,0,0.9999999999999998,ORDERED with align,0,0,0.9999999999999998,ORDERED with align,1,0,0.9999999999999998,ORDERED with align,1,0,0.9999999999999998,ORDERED with align,1,0,0.9999999999999998,ORDERED with align
