,,gold,,,,3refs,,,,8refs,,,,7refs,,,,4refs,,,,1refs,,,,2refs,,,,6refs,,,,5refs,
words_differences,index_differences,spearman_differences,aligned_by,words_differences,index_differences,spearman_differences,aligned_by,words_differences,index_differences,spearman_differences,aligned_by,words_differences,index_differences,spearman_differences,aligned_by,words_differences,index_differences,spearman_differences,aligned_by,words_differences,index_differences,spearman_differences,aligned_by,words_differences,index_differences,spearman_differences,aligned_by,words_differences,index_differences,spearman_differences,aligned_by,words_differences,index_differences,spearman_differences,aligned_by,words_differences,index_differences,spearman_differences,aligned_by,words_differences,index_differences,spearman_differences,aligned_by,words_differences,index_differences,spearman_differences,aligned_by,words_differences,index_differences,spearman_differences,aligned_by,words_differences,index_differences,spearman_differences,aligned_by,words_differences,index_differences,spearman_differences,aligned_by,words_differences,index_differences,spearman_differences,aligned_by,words_differences,index_differences,spearman_differences,aligned_by,words_differences,index_differences,spearman_differences,aligned_by,words_differences,index_differences,spearman_differences,aligned_by,words_differences,index_differences,spearman_differences,aligned_by,words_differences,index_differences,spearman_differences,aligned_by,words_differences,index_differences,spearman_differences,aligned_by,words_differences,index_differences,spearman_differences,aligned_by,words_differences,index_differences,spearman_differences,aligned_by,words_differences,index_differences,spearman_differences,aligned_by,words_differences,index_differences,spearman_differences,aligned_by,words_differences,index_differences,spearman_differences,aligned_by,words_differences,index_differences,spearman_differences,aligned_by,words_differences,index_differences,spearman_differences,aligned_by,words_differences,index_differences,spearman_differences,aligned_by,words_differences,index_differences,spearman_differences,aligned_by,words_differences,index_differences,spearman_differences,aligned_by,words_differences,index_differences,spearman_differences,aligned_by,words_differences,index_differences,spearman_differences,aligned_by,words_differences,index_differences,spearman_differences,aligned_by,words_differences,index_differences,spearman_differences,aligned_by
19,1,0.985294117647059,ORDERED with align,32,3,0.006993006993006993,ORDERED with align,32,3,0.006993006993006993,ORDERED with align,32,3,0.006993006993006993,ORDERED with align,32,4,0.2833333333333333,ORDERED with align,32,3,0.006993006993006993,ORDERED with align,32,3,0.006993006993006993,ORDERED with align,32,3,0.006993006993006993,ORDERED with align,32,3,0.006993006993006993,ORDERED with align
1,0,1.0,ORDERED with align,5,1,0.956043956043956,ORDERED with align,17,6,0.6395604395604396,ORDERED with align,5,1,0.956043956043956,ORDERED with align,13,5,0.2657342657342658,ORDERED with align,5,1,0.956043956043956,ORDERED with align,5,1,0.956043956043956,ORDERED with align,12,9,0.7352941176470589,ORDERED with align,5,1,0.956043956043956,ORDERED with align
16,6,0.9233766233766234,ORDERED with align,25,7,0.10714285714285714,ORDERED with align,25,6,-0.0979020979020979,ORDERED with align,25,7,0.10714285714285714,ORDERED with align,25,6,-0.0979020979020979,ORDERED with align,24,10,0.509090909090909,ORDERED with align,24,10,0.509090909090909,ORDERED with align,25,6,-0.0979020979020979,ORDERED with align,25,7,0.10714285714285714,ORDERED with align
6,1,0.9790209790209792,ORDERED with align,11,2,0.7619047619047621,ORDERED with align,15,5,-0.1328671328671329,ORDERED with align,11,2,0.7619047619047621,ORDERED with align,15,5,-0.1328671328671329,ORDERED with align,11,2,0.7619047619047621,ORDERED with align,11,2,0.7619047619047621,ORDERED with align,19,5,0.0979020979020979,ORDERED with align,19,5,0.0979020979020979,ORDERED with align
5,2,0.9582156973461323,ORDERED with align,0,0,1.0,ORDERED with align,0,0,1.0,ORDERED with align,0,0,1.0,ORDERED with align,21,4,0.7575757575757575,ORDERED with align,21,8,0.2321428571428571,ORDERED with align,21,8,0.2321428571428571,ORDERED with align,20,3,0.7166666666666667,ORDERED with align,20,3,0.7166666666666667,ORDERED with align
9,0,1.0,ORDERED with align,9,0,1.0,ORDERED with align,26,6,0.1398601398601399,ORDERED with align,9,0,1.0,ORDERED with align,28,1,-0.5,ORDERED with align,27,6,0.03636363636363637,ORDERED with align,31,13,0.3815628815628816,ORDERED with align,9,0,1.0,ORDERED with align,9,0,1.0,ORDERED with align
17,2,0.9909090909090909,ORDERED with align,33,4,0.30000000000000004,ORDERED with align,33,4,0.30000000000000004,ORDERED with align,36,1,0.5,ORDERED with align,33,6,-0.22424242424242422,ORDERED with align,34,4,0.03636363636363637,ORDERED with align,0,0,1.0,ORDERED with align,33,4,0.30000000000000004,ORDERED with align,33,6,-0.22424242424242422,ORDERED with align
5,5,0.5964285714285712,ORDERED with align,14,5,0.12087912087912088,ORDERED with align,14,4,0.35,ORDERED with align,14,5,0.12087912087912088,ORDERED with align,18,6,-0.32417582417582413,ORDERED with align,14,5,0.3939393939393939,ORDERED with align,18,6,-0.32417582417582413,ORDERED with align,14,1,0.39999999999999997,ORDERED with align,14,1,0.39999999999999997,ORDERED with align
1,0,0.9999999999999998,ORDERED with align,16,3,0.7902097902097903,ORDERED with align,25,3,-0.8999999999999998,ORDERED with align,25,7,0.3636363636363637,ORDERED with align,25,2,0.2571428571428572,ORDERED with align,23,9,0.6078431372549019,ORDERED with align,24,5,0.3090909090909091,ORDERED with align,31,9,0.6756521739130433,ORDERED with align,25,7,0.3636363636363637,ORDERED with align
0,0,1.0,ORDERED with align,11,7,0.23076923076923078,ORDERED with align,11,2,0.7142857142857143,ORDERED with align,10,6,0.3706293706293707,ORDERED with align,34,4,0.03636363636363637,ORDERED with align,11,3,0.3571428571428572,ORDERED with align,11,2,0.0,ORDERED with align,0,0,1.0,ORDERED with align,34,4,0.03636363636363637,ORDERED with align
2,1,-0.5,ORDERED with align,5,0,0.9999999999999999,ORDERED with align,14,3,0.16363636363636364,ORDERED with align,11,4,0.5636363636363636,ORDERED with align,23,4,0.09523809523809526,ORDERED with align,9,4,0.8666666666666665,ORDERED with align,7,4,0.39285714285714296,ORDERED with align,9,4,0.8666666666666665,ORDERED with align,9,4,0.8666666666666665,ORDERED with align
4,2,0.8833333333333333,ORDERED with align,3,0,1.0,ORDERED with align,9,2,0.6833333333333333,ORDERED with align,4,1,0.942857142857143,ORDERED with align,12,3,0.6333333333333333,ORDERED with align,15,3,0.65,ORDERED with align,15,3,0.65,ORDERED with align,4,1,0.942857142857143,ORDERED with align,4,1,0.942857142857143,ORDERED with align
3,1,0.9868131868131869,ORDERED with align,0,0,1.0,ORDERED with align,14,5,0.2937062937062937,ORDERED with align,0,0,1.0,ORDERED with align,0,0,1.0,ORDERED with align,35,6,0.3131868131868132,ORDERED with align,12,4,0.5181818181818182,ORDERED with align,0,0,1.0,ORDERED with align,0,0,1.0,ORDERED with align
0,0,1.0,ORDERED with align,0,0,1.0,ORDERED with align,17,7,0.1258741258741259,ORDERED with align,0,0,1.0,ORDERED with align,0,0,1.0,ORDERED with align,0,0,1.0,ORDERED with align,0,0,1.0,ORDERED with align,0,0,1.0,ORDERED with align,0,0,1.0,ORDERED with align
14,4,-0.22727272727272727,ORDERED with align,0,0,1.0,ORDERED with align,20,7,-0.20909090909090913,ORDERED with align,0,0,1.0,ORDERED with align,0,0,1.0,ORDERED with align,0,0,1.0,ORDERED with align,0,0,1.0,ORDERED with align,0,0,1.0,ORDERED with align,0,0,1.0,ORDERED with align
10,1,0.9988706945228685,ORDERED with align,26,5,-0.2377622377622378,ORDERED with align,26,5,-0.2377622377622378,ORDERED with align,26,5,-0.2377622377622378,ORDERED with align,26,5,-0.2377622377622378,ORDERED with align,26,5,-0.2377622377622378,ORDERED with align,26,5,-0.2377622377622378,ORDERED with align,27,1,-0.028571428571428574,ORDERED with align,26,5,-0.2377622377622378,ORDERED with align
5,1,0.6623376623376622,ORDERED with align,21,0,0.9999999999999999,ORDERED with align,21,0,0.9999999999999999,ORDERED with align,26,2,0.3714285714285715,ORDERED with align,26,2,0.3714285714285715,ORDERED with align,26,2,0.3714285714285715,ORDERED with align,26,2,0.3714285714285715,ORDERED with align,26,6,0.2517482517482518,ORDERED with align,21,0,0.9999999999999999,ORDERED with align
0,0,1.0,ORDERED with align,15,4,-0.3571428571428572,ORDERED with align,15,4,-0.3571428571428572,ORDERED with align,14,3,-0.3714285714285715,ORDERED with align,14,3,-0.3714285714285715,ORDERED with align,14,3,-0.3714285714285715,ORDERED with align,14,3,-0.3714285714285715,ORDERED with align,19,6,0.3970588235294118,ORDERED with align,15,4,-0.3571428571428572,ORDERED with align
5,3,0.4835164835164835,ORDERED with align,14,6,-0.3846153846153847,ORDERED with align,19,6,-0.032967032967032975,ORDERED with align,19,6,-0.032967032967032975,ORDERED with align,14,6,-0.3846153846153847,ORDERED with align,14,6,-0.3846153846153847,ORDERED with align,14,6,-0.3846153846153847,ORDERED with align,13,3,-0.3142857142857143,ORDERED with align,19,6,-0.032967032967032975,ORDERED with align
2,0,1.0,ORDERED with align,0,0,1.0,ORDERED with align,18,6,0.6363636363636365,ORDERED with align,18,6,0.6363636363636365,ORDERED with align,26,9,-0.03921568627450981,ORDERED with align,26,9,0.08333333333333334,ORDERED with align,26,9,0.08333333333333334,ORDERED with align,18,6,0.6363636363636365,ORDERED with align,18,6,0.6363636363636365,ORDERED with align
1,0,1.0,ORDERED with align,30,13,0.12,ORDERED with align,24,0,1.0,ORDERED with align,30,13,0.12,ORDERED with align,24,0,1.0,ORDERED with align,24,0,1.0,ORDERED with align,30,9,0.4421052631578947,ORDERED with align,24,0,1.0,ORDERED with align,24,0,1.0,ORDERED with align
2,0,1.0,ORDERED with align,13,4,0.6363636363636362,ORDERED with align,23,5,0.2797202797202798,ORDERED with align,13,4,0.6363636363636362,ORDERED with align,12,3,0.5363636363636364,ORDERED with align,17,5,0.5439560439560439,ORDERED with align,13,4,0.6363636363636362,ORDERED with align,23,5,0.2797202797202798,ORDERED with align,23,6,0.18881118881118883,ORDERED with align
2,14,0.2252673796791444,ORDERED with align,32,4,0.28181818181818186,ORDERED with align,34,1,0.39999999999999997,ORDERED with align,34,1,0.39999999999999997,ORDERED with align,29,10,0.675187969924812,ORDERED with align,32,4,0.28181818181818186,ORDERED with align,32,4,0.28181818181818186,ORDERED with align,34,1,0.39999999999999997,ORDERED with align,32,4,0.28181818181818186,ORDERED with align
2,0,1.0,ORDERED with align,15,2,0.19999999999999998,ORDERED with align,5,0,1.0,ORDERED with align,5,0,1.0,ORDERED with align,15,2,0.19999999999999998,ORDERED with align,15,2,0.19999999999999998,ORDERED with align,15,2,0.19999999999999998,ORDERED with align,5,0,1.0,ORDERED with align,15,2,0.19999999999999998,ORDERED with align
5,3,0.9235294117647058,ORDERED with align,18,3,0.2380952380952381,ORDERED with align,17,3,0.3214285714285715,ORDERED with align,30,8,0.24360902255639094,ORDERED with align,18,3,0.2380952380952381,ORDERED with align,30,8,0.24360902255639094,ORDERED with align,30,8,0.24360902255639094,ORDERED with align,17,3,0.3214285714285715,ORDERED with align,30,8,0.24360902255639094,ORDERED with align
8,0,1.0,ORDERED with align,22,9,0.6764705882352942,ORDERED with align,33,10,0.6521739130434783,ORDERED with align,23,2,0.2571428571428572,ORDERED with align,23,2,0.2571428571428572,ORDERED with align,23,2,0.2571428571428572,ORDERED with align,23,2,0.2571428571428572,ORDERED with align,24,3,-0.21428571428571433,ORDERED with align,23,2,0.2571428571428572,ORDERED with align
4,0,1.0,ORDERED with align,11,2,0.48181818181818187,ORDERED with align,15,5,0.3090909090909091,ORDERED with align,23,3,0.7000000000000001,ORDERED with align,15,5,0.3090909090909091,ORDERED with align,23,3,0.7000000000000001,ORDERED with align,23,3,0.7000000000000001,ORDERED with align,15,5,0.3090909090909091,ORDERED with align,23,3,0.7000000000000001,ORDERED with align
5,1,0.9964285714285712,ORDERED with align,18,2,0.7714285714285715,ORDERED with align,20,6,0.6210526315789473,ORDERED with align,8,0,1.0,ORDERED with align,16,3,-0.21428571428571433,ORDERED with align,17,6,0.5857142857142856,ORDERED with align,8,0,1.0,ORDERED with align,8,0,1.0,ORDERED with align,17,6,0.5857142857142856,ORDERED with align
11,3,0.6428571428571429,ORDERED with align,13,4,-0.3571428571428572,ORDERED with align,15,4,0.7727272727272727,ORDERED with align,0,0,1.0,ORDERED with align,15,4,0.7727272727272727,ORDERED with align,13,4,-0.3571428571428572,ORDERED with align,0,0,1.0,ORDERED with align,21,9,0.7294117647058823,ORDERED with align,15,4,0.7727272727272727,ORDERED with align
8,0,1.0,ORDERED with align,27,11,0.5629587803500848,ORDERED with align,28,4,-0.21428571428571433,ORDERED with align,28,4,-0.21428571428571433,ORDERED with align,27,11,0.5629587803500848,ORDERED with align,29,5,0.43636363636363645,ORDERED with align,28,4,-0.21428571428571433,ORDERED with align,28,4,-0.21428571428571433,ORDERED with align,28,4,-0.21428571428571433,ORDERED with align
4,1,0.6470588235294118,ORDERED with align,15,7,0.5955882352941178,ORDERED with align,20,1,0.39999999999999997,ORDERED with align,15,7,0.5955882352941178,ORDERED with align,20,2,0.2571428571428572,ORDERED with align,15,7,0.5955882352941178,ORDERED with align,15,7,0.5955882352941178,ORDERED with align,20,1,0.39999999999999997,ORDERED with align,15,7,0.5955882352941178,ORDERED with align
8,2,0.996358543417367,ORDERED with align,38,2,0.49999999999999994,ORDERED with align,35,5,0.14705882352941177,ORDERED with align,38,2,0.2571428571428572,ORDERED with align,35,5,0.14705882352941177,ORDERED with align,38,2,0.49999999999999994,ORDERED with align,38,2,0.49999999999999994,ORDERED with align,35,5,0.14705882352941177,ORDERED with align,38,2,0.2571428571428572,ORDERED with align
4,0,1.0,ORDERED with align,15,2,0.7333333333333334,ORDERED with align,17,2,-0.09999999999999999,ORDERED with align,17,2,-0.09999999999999999,ORDERED with align,15,2,0.7333333333333334,ORDERED with align,17,2,-0.09999999999999999,ORDERED with align,15,2,0.7333333333333334,ORDERED with align,17,9,0.44117647058823534,ORDERED with align,17,2,-0.09999999999999999,ORDERED with align
6,1,0.9411764705882353,ORDERED with align,22,2,-0.09999999999999999,ORDERED with align,7,0,1.0,ORDERED with align,7,0,1.0,ORDERED with align,22,2,-0.09999999999999999,ORDERED with align,20,3,0.8666666666666667,ORDERED with align,22,2,-0.09999999999999999,ORDERED with align,22,2,-0.09999999999999999,ORDERED with align,20,3,0.8666666666666667,ORDERED with align
6,3,-0.33333333333333337,ORDERED with align,20,8,0.02280701754385965,ORDERED with align,18,4,0.16363636363636364,ORDERED with align,18,4,0.16363636363636364,ORDERED with align,26,8,0.20526315789473687,ORDERED with align,20,8,0.02280701754385965,ORDERED with align,17,7,0.09705882352941177,ORDERED with align,18,4,0.16363636363636364,ORDERED with align,17,7,0.09705882352941177,ORDERED with align
2,0,0.9999999999999999,ORDERED with align,32,10,0.42,ORDERED with align,29,4,0.1785714285714286,ORDERED with align,29,4,0.1785714285714286,ORDERED with align,31,5,0.7272727272727274,ORDERED with align,32,10,0.42,ORDERED with align,29,6,0.19411764705882353,ORDERED with align,29,4,0.1785714285714286,ORDERED with align,32,10,0.42,ORDERED with align
4,3,-0.6454545454545455,ORDERED with align,18,8,-0.04615384615384615,ORDERED with align,28,6,0.7132867132867133,ORDERED with align,28,6,0.7132867132867133,ORDERED with align,18,8,-0.04615384615384615,ORDERED with align,18,8,-0.04615384615384615,ORDERED with align,15,3,-0.642857142857143,ORDERED with align,28,6,0.7132867132867133,ORDERED with align,13,4,0.19047619047619052,ORDERED with align
0,0,1.0,ORDERED with align,8,5,0.09523809523809526,ORDERED with align,8,5,0.09523809523809526,ORDERED with align,8,5,0.09523809523809526,ORDERED with align,8,5,0.09523809523809526,ORDERED with align,8,5,0.09523809523809526,ORDERED with align,28,3,0.31666666666666665,ORDERED with align,8,5,0.09523809523809526,ORDERED with align,8,5,0.09523809523809526,ORDERED with align
3,2,0.9597402597402598,ORDERED with align,25,4,0.01818181818181818,ORDERED with align,25,10,-0.04912280701754386,ORDERED with align,20,4,-0.16666666666666669,ORDERED with align,20,4,-0.16666666666666669,ORDERED with align,21,2,0.18333333333333335,ORDERED with align,25,10,-0.04912280701754386,ORDERED with align,25,10,-0.04912280701754386,ORDERED with align,25,10,-0.04912280701754386,ORDERED with align
2,2,0.8870694522868439,ORDERED with align,18,5,0.28181818181818186,ORDERED with align,18,5,0.28181818181818186,ORDERED with align,21,5,-0.05454545454545454,ORDERED with align,24,9,0.5459236326109391,ORDERED with align,18,5,0.28181818181818186,ORDERED with align,21,5,-0.05454545454545454,ORDERED with align,18,5,0.28181818181818186,ORDERED with align,18,5,0.28181818181818186,ORDERED with align
2,0,1.0,ORDERED with align,24,2,0.6071428571428572,ORDERED with align,8,3,0.7696969696969697,ORDERED with align,24,2,0.6071428571428572,ORDERED with align,8,3,0.7696969696969697,ORDERED with align,24,2,0.6071428571428572,ORDERED with align,1,0,1.0,ORDERED with align,8,3,0.7696969696969697,ORDERED with align,9,5,0.4727272727272727,ORDERED with align
0,0,1.0,ORDERED with align,8,3,0.28571428571428575,ORDERED with align,12,6,0.1272727272727273,ORDERED with align,12,6,0.1272727272727273,ORDERED with align,12,6,0.1272727272727273,ORDERED with align,0,0,1.0,ORDERED with align,12,6,0.1272727272727273,ORDERED with align,12,6,0.1272727272727273,ORDERED with align,8,3,0.28571428571428575,ORDERED with align
2,1,0.9878787878787878,ORDERED with align,6,3,0.6190476190476191,ORDERED with align,8,3,0.28571428571428575,ORDERED with align,8,3,0.28571428571428575,ORDERED with align,8,3,0.28571428571428575,ORDERED with align,11,3,0.9030303030303028,ORDERED with align,8,3,0.28571428571428575,ORDERED with align,6,3,0.6190476190476191,ORDERED with align,6,3,0.6190476190476191,ORDERED with align
9,3,0.8321428571428571,ORDERED with align,23,3,0.4681318681318682,ORDERED with align,20,3,-0.39999999999999997,ORDERED with align,20,3,-0.39999999999999997,ORDERED with align,23,3,0.4681318681318682,ORDERED with align,23,3,0.4681318681318682,ORDERED with align,20,3,-0.39999999999999997,ORDERED with align,23,3,0.4681318681318682,ORDERED with align,23,3,0.4681318681318682,ORDERED with align
5,0,1.0,ORDERED with align,17,3,0.2571428571428572,ORDERED with align,0,0,1.0,ORDERED with align,0,0,1.0,ORDERED with align,17,3,0.2571428571428572,ORDERED with align,17,3,0.2571428571428572,ORDERED with align,0,0,1.0,ORDERED with align,17,3,0.2571428571428572,ORDERED with align,17,3,0.2571428571428572,ORDERED with align
7,3,0.9454545454545454,ORDERED with align,21,8,0.5894736842105263,ORDERED with align,22,4,-0.03571428571428572,ORDERED with align,22,4,-0.03571428571428572,ORDERED with align,20,6,0.2916666666666667,ORDERED with align,20,6,0.2916666666666667,ORDERED with align,21,8,0.5894736842105263,ORDERED with align,22,4,-0.03571428571428572,ORDERED with align,21,8,0.5894736842105263,ORDERED with align
4,0,1.0,ORDERED with align,8,3,0.5,ORDERED with align,19,5,0.11666666666666665,ORDERED with align,19,5,0.11666666666666665,ORDERED with align,8,3,0.5,ORDERED with align,8,3,0.5,ORDERED with align,8,3,0.5,ORDERED with align,19,5,0.11666666666666665,ORDERED with align,8,3,0.5,ORDERED with align
5,1,0.9488636363636365,ORDERED with align,34,2,-0.3,ORDERED with align,34,2,-0.3,ORDERED with align,34,2,-0.3,ORDERED with align,34,2,-0.3,ORDERED with align,34,2,-0.3,ORDERED with align,34,2,-0.3,ORDERED with align,34,2,-0.3,ORDERED with align,34,2,-0.3,ORDERED with align
12,8,0.9590964590964591,ORDERED with align,28,8,0.7831168831168831,ORDERED with align,28,8,0.7831168831168831,ORDERED with align,28,8,0.7831168831168831,ORDERED with align,28,8,0.7831168831168831,ORDERED with align,28,8,0.7831168831168831,ORDERED with align,32,2,0.28571428571428575,ORDERED with align,28,8,0.7831168831168831,ORDERED with align,28,8,0.7831168831168831,ORDERED with align
0,0,1.0,ORDERED with align,18,2,0.4642857142857144,ORDERED with align,18,2,0.4642857142857144,ORDERED with align,18,2,0.4642857142857144,ORDERED with align,18,2,0.4642857142857144,ORDERED with align,18,2,0.4642857142857144,ORDERED with align,28,8,0.7831168831168831,ORDERED with align,18,2,0.4642857142857144,ORDERED with align,18,2,0.4642857142857144,ORDERED with align
4,1,0.39999999999999997,ORDERED with align,9,3,0.0,ORDERED with align,30,3,0.3571428571428572,ORDERED with align,9,3,0.0,ORDERED with align,9,3,0.0,ORDERED with align,9,3,0.0,ORDERED with align,19,3,0.7142857142857144,ORDERED with align,30,3,0.3571428571428572,ORDERED with align,9,3,0.0,ORDERED with align
4,1,0.9979360165118679,ORDERED with align,28,10,0.5456140350877193,ORDERED with align,11,0,0.9999999999999999,ORDERED with align,28,10,0.5456140350877193,ORDERED with align,28,10,0.5456140350877193,ORDERED with align,18,5,0.5524475524475525,ORDERED with align,11,0,0.9999999999999999,ORDERED with align,11,0,0.9999999999999999,ORDERED with align,28,10,0.5456140350877193,ORDERED with align
4,1,0.9935828877005346,ORDERED with align,34,6,0.2027972027972028,ORDERED with align,34,6,0.2027972027972028,ORDERED with align,34,6,0.2027972027972028,ORDERED with align,34,6,0.2027972027972028,ORDERED with align,34,4,0.41818181818181827,ORDERED with align,34,6,0.2027972027972028,ORDERED with align,34,6,0.2027972027972028,ORDERED with align,34,6,0.2027972027972028,ORDERED with align
3,0,1.0,ORDERED with align,15,4,0.06666666666666665,ORDERED with align,17,6,-0.44545454545454555,ORDERED with align,17,6,-0.44545454545454555,ORDERED with align,17,6,-0.44545454545454555,ORDERED with align,15,4,0.06666666666666665,ORDERED with align,17,6,-0.44545454545454555,ORDERED with align,17,6,-0.44545454545454555,ORDERED with align,17,6,-0.44545454545454555,ORDERED with align
20,6,0.6584415584415585,ORDERED with align,33,4,0.4055944055944056,ORDERED with align,32,3,-0.2333333333333333,ORDERED with align,33,4,0.4055944055944056,ORDERED with align,32,3,-0.2333333333333333,ORDERED with align,33,4,0.4055944055944056,ORDERED with align,33,4,0.4055944055944056,ORDERED with align,32,3,-0.2333333333333333,ORDERED with align,33,4,0.4055944055944056,ORDERED with align
10,0,0.9999999999999999,ORDERED with align,19,4,0.5727272727272729,ORDERED with align,19,7,0.47802197802197804,ORDERED with align,11,1,0.4545454545454545,ORDERED with align,19,7,0.47802197802197804,ORDERED with align,29,7,0.3669172932330827,ORDERED with align,11,1,0.4545454545454545,ORDERED with align,19,7,0.47802197802197804,ORDERED with align,11,1,0.4545454545454545,ORDERED with align
8,0,1.0,ORDERED with align,11,3,0.261904761904762,ORDERED with align,11,3,0.261904761904762,ORDERED with align,11,3,0.261904761904762,ORDERED with align,11,3,0.261904761904762,ORDERED with align,13,4,0.6000000000000001,ORDERED with align,11,3,0.261904761904762,ORDERED with align,11,3,0.261904761904762,ORDERED with align,11,3,0.261904761904762,ORDERED with align
5,3,-0.5868131868131868,ORDERED with align,0,0,1.0,ORDERED with align,0,0,1.0,ORDERED with align,0,0,1.0,ORDERED with align,32,7,0.11470588235294117,ORDERED with align,16,3,-0.261904761904762,ORDERED with align,0,0,1.0,ORDERED with align,32,7,0.11470588235294117,ORDERED with align,0,0,1.0,ORDERED with align
7,4,0.9751552795031055,ORDERED with align,32,10,0.31789949181253535,ORDERED with align,32,10,0.31789949181253535,ORDERED with align,32,10,0.31789949181253535,ORDERED with align,22,7,-0.049999999999999996,ORDERED with align,32,10,0.31789949181253535,ORDERED with align,24,3,-0.7,ORDERED with align,22,7,-0.049999999999999996,ORDERED with align,32,10,0.31789949181253535,ORDERED with align
4,3,0.9559570863918693,ORDERED with align,21,1,-0.19999999999999998,ORDERED with align,21,1,-0.19999999999999998,ORDERED with align,21,1,-0.19999999999999998,ORDERED with align,21,1,-0.19999999999999998,ORDERED with align,19,9,0.3630717108977979,ORDERED with align,0,0,1.0,ORDERED with align,21,1,-0.19999999999999998,ORDERED with align,21,1,-0.19999999999999998,ORDERED with align
4,0,1.0,ORDERED with align,9,3,0.7380952380952381,ORDERED with align,20,4,0.09523809523809526,ORDERED with align,20,4,0.09523809523809526,ORDERED with align,9,3,0.7380952380952381,ORDERED with align,7,2,0.19999999999999998,ORDERED with align,23,3,0.5952380952380953,ORDERED with align,9,3,0.7380952380952381,ORDERED with align,20,4,0.09523809523809526,ORDERED with align
3,1,0.9,ORDERED with align,23,5,0.04242424242424241,ORDERED with align,14,5,-0.04242424242424241,ORDERED with align,23,5,0.04242424242424241,ORDERED with align,14,5,-0.04242424242424241,ORDERED with align,21,4,0.11515151515151514,ORDERED with align,33,3,0.642857142857143,ORDERED with align,14,5,-0.04242424242424241,ORDERED with align,14,5,-0.04242424242424241,ORDERED with align
2,1,0.9991304347826085,ORDERED with align,13,2,0.8461538461538463,ORDERED with align,20,5,-0.29696969696969694,ORDERED with align,20,5,-0.29696969696969694,ORDERED with align,20,5,0.18181818181818185,ORDERED with align,0,0,0.9999999999999999,ORDERED with align,0,0,0.9999999999999999,ORDERED with align,20,5,-0.29696969696969694,ORDERED with align,20,5,-0.29696969696969694,ORDERED with align
11,2,0.9958720330237358,ORDERED with align,23,3,-0.406060606060606,ORDERED with align,20,5,-0.07272727272727274,ORDERED with align,20,5,-0.07272727272727274,ORDERED with align,23,3,-0.406060606060606,ORDERED with align,20,5,-0.07272727272727274,ORDERED with align,23,3,-0.406060606060606,ORDERED with align,20,5,-0.07272727272727274,ORDERED with align,20,5,-0.07272727272727274,ORDERED with align
4,3,0.6783216783216784,ORDERED with align,1,0,1.0,ORDERED with align,20,5,0.34965034965034975,ORDERED with align,9,5,0.37762237762237766,ORDERED with align,20,5,0.34965034965034975,ORDERED with align,9,6,-0.12727272727272726,ORDERED with align,1,0,1.0,ORDERED with align,20,5,0.34965034965034975,ORDERED with align,9,5,0.37762237762237766,ORDERED with align
6,0,0.9999999999999999,ORDERED with align,20,3,-0.406060606060606,ORDERED with align,9,1,0.39999999999999997,ORDERED with align,9,1,0.39999999999999997,ORDERED with align,20,3,-0.406060606060606,ORDERED with align,20,3,-0.406060606060606,ORDERED with align,9,1,0.39999999999999997,ORDERED with align,20,3,-0.406060606060606,ORDERED with align,20,3,-0.406060606060606,ORDERED with align
10,5,0.9851540616246499,ORDERED with align,39,1,0.39999999999999997,ORDERED with align,32,10,0.27724449463579903,ORDERED with align,32,10,0.27724449463579903,ORDERED with align,39,1,0.39999999999999997,ORDERED with align,39,1,0.39999999999999997,ORDERED with align,32,10,0.27724449463579903,ORDERED with align,39,1,0.39999999999999997,ORDERED with align,39,1,0.39999999999999997,ORDERED with align
8,1,0.9849624060150375,ORDERED with align,23,8,0.5049019607843138,ORDERED with align,24,6,0.5989010989010989,ORDERED with align,24,6,0.5989010989010989,ORDERED with align,24,6,0.5989010989010989,ORDERED with align,24,5,0.4545454545454546,ORDERED with align,24,5,0.4545454545454546,ORDERED with align,24,5,0.4545454545454546,ORDERED with align,24,6,0.5989010989010989,ORDERED with align
8,1,0.985294117647059,ORDERED with align,22,6,0.6428571428571429,ORDERED with align,36,10,0.5143986448334276,ORDERED with align,11,0,1.0,ORDERED with align,11,0,1.0,ORDERED with align,26,5,0.5604395604395604,ORDERED with align,26,5,0.5604395604395604,ORDERED with align,22,6,0.6428571428571429,ORDERED with align,26,5,0.5604395604395604,ORDERED with align
11,2,0.988235294117647,ORDERED with align,20,3,0.5833333333333334,ORDERED with align,20,3,0.5833333333333334,ORDERED with align,2,2,0.9719298245614034,ORDERED with align,2,2,0.9719298245614034,ORDERED with align,18,4,0.7818181818181819,ORDERED with align,35,9,0.5035087719298245,ORDERED with align,35,9,0.5035087719298245,ORDERED with align,20,3,0.5833333333333334,ORDERED with align
3,0,0.9999999999999998,ORDERED with align,27,4,0.7818181818181819,ORDERED with align,23,10,0.46842105263157896,ORDERED with align,27,4,0.7818181818181819,ORDERED with align,27,4,0.7818181818181819,ORDERED with align,35,12,0.4621489621489622,ORDERED with align,26,6,0.03296703296703297,ORDERED with align,23,10,0.46842105263157896,ORDERED with align,27,4,0.7818181818181819,ORDERED with align
0,0,1.0,ORDERED with align,10,5,0.39090909090909093,ORDERED with align,10,5,0.39090909090909093,ORDERED with align,13,1,0.39999999999999997,ORDERED with align,10,5,0.39090909090909093,ORDERED with align,10,5,0.39090909090909093,ORDERED with align,10,5,0.39090909090909093,ORDERED with align,10,5,0.39090909090909093,ORDERED with align,10,5,0.39090909090909093,ORDERED with align
1,0,1.0,ORDERED with align,20,5,-0.055944055944055944,ORDERED with align,20,5,-0.055944055944055944,ORDERED with align,20,9,0.4282765737874097,ORDERED with align,20,5,-0.055944055944055944,ORDERED with align,20,5,-0.055944055944055944,ORDERED with align,22,2,0.0,ORDERED with align,20,5,-0.055944055944055944,ORDERED with align,20,5,-0.055944055944055944,ORDERED with align
2,0,1.0,ORDERED with align,11,1,0.5,ORDERED with align,11,1,0.5,ORDERED with align,11,3,0.2333333333333333,ORDERED with align,11,1,0.5,ORDERED with align,11,1,0.5,ORDERED with align,0,0,1.0,ORDERED with align,11,1,0.5,ORDERED with align,11,1,0.5,ORDERED with align
5,1,0.9736842105263157,ORDERED with align,21,8,0.16408668730650156,ORDERED with align,21,8,0.16408668730650156,ORDERED with align,19,3,0.7552447552447553,ORDERED with align,21,8,0.16408668730650156,ORDERED with align,21,8,0.16408668730650156,ORDERED with align,21,5,-0.4545454545454545,ORDERED with align,21,8,0.16408668730650156,ORDERED with align,21,8,0.16408668730650156,ORDERED with align
14,14,0.7165991902834008,ORDERED with align,38,2,0.6785714285714287,ORDERED with align,38,2,0.6785714285714287,ORDERED with align,38,2,0.6785714285714287,ORDERED with align,38,2,0.6785714285714287,ORDERED with align,36,2,0.6242424242424242,ORDERED with align,38,2,0.6785714285714287,ORDERED with align,40,4,-0.23636363636363633,ORDERED with align,40,4,-0.23636363636363633,ORDERED with align
0,0,1.0,ORDERED with align,7,3,0.14285714285714288,ORDERED with align,7,2,0.6,ORDERED with align,7,3,0.14285714285714288,ORDERED with align,7,3,0.14285714285714288,ORDERED with align,7,3,0.14285714285714288,ORDERED with align,16,3,-0.028571428571428574,ORDERED with align,6,3,0.6,ORDERED with align,6,3,0.6,ORDERED with align
0,0,0.9999999999999999,ORDERED with align,9,4,0.4761904761904762,ORDERED with align,0,0,0.9999999999999999,ORDERED with align,9,4,0.4761904761904762,ORDERED with align,9,4,0.4761904761904762,ORDERED with align,9,4,0.4761904761904762,ORDERED with align,9,4,0.4761904761904762,ORDERED with align,9,4,0.4761904761904762,ORDERED with align,9,4,0.4761904761904762,ORDERED with align
2,1,0.9938080495356036,ORDERED with align,17,3,0.04761904761904763,ORDERED with align,0,0,1.0,ORDERED with align,0,0,1.0,ORDERED with align,17,3,0.04761904761904763,ORDERED with align,17,3,0.04761904761904763,ORDERED with align,16,7,0.3571428571428571,ORDERED with align,17,3,0.04761904761904763,ORDERED with align,16,7,0.3571428571428571,ORDERED with align
2,0,1.0,ORDERED with align,16,7,0.3571428571428571,ORDERED with align,9,0,1.0,ORDERED with align,9,0,1.0,ORDERED with align,16,7,0.3571428571428571,ORDERED with align,16,7,0.3571428571428571,ORDERED with align,16,7,0.3571428571428571,ORDERED with align,16,7,0.3571428571428571,ORDERED with align,16,7,0.3571428571428571,ORDERED with align
2,0,1.0,ORDERED with align,20,7,0.5852941176470587,ORDERED with align,20,7,0.5852941176470587,ORDERED with align,20,7,0.5852941176470587,ORDERED with align,20,7,0.5852941176470587,ORDERED with align,20,7,0.5852941176470587,ORDERED with align,20,7,0.5852941176470587,ORDERED with align,20,7,0.5852941176470587,ORDERED with align,20,7,0.5852941176470587,ORDERED with align
3,0,1.0,ORDERED with align,20,7,0.5852941176470587,ORDERED with align,15,3,0.6703296703296703,ORDERED with align,13,5,0.8241758241758241,ORDERED with align,15,3,0.6703296703296703,ORDERED with align,13,5,0.8241758241758241,ORDERED with align,20,7,0.5852941176470587,ORDERED with align,15,3,0.6703296703296703,ORDERED with align,13,5,0.8241758241758241,ORDERED with align
1,0,1.0,ORDERED with align,0,0,1.0,ORDERED with align,21,5,0.3758241758241759,ORDERED with align,31,5,0.3450549450549451,ORDERED with align,0,0,1.0,ORDERED with align,21,5,0.3758241758241759,ORDERED with align,0,0,1.0,ORDERED with align,21,5,0.3758241758241759,ORDERED with align,21,5,0.3758241758241759,ORDERED with align
3,0,1.0,ORDERED with align,15,5,0.3406593406593406,ORDERED with align,20,5,0.6527472527472528,ORDERED with align,15,5,0.3406593406593406,ORDERED with align,19,7,0.33896103896103896,ORDERED with align,15,5,0.3406593406593406,ORDERED with align,15,5,0.3406593406593406,ORDERED with align,20,6,0.5428571428571429,ORDERED with align,15,5,0.3406593406593406,ORDERED with align
15,0,1.0,ORDERED with align,0,0,1.0,ORDERED with align,0,0,1.0,ORDERED with align,29,9,0.37055335968379455,ORDERED with align,0,0,1.0,ORDERED with align,0,0,1.0,ORDERED with align,0,0,1.0,ORDERED with align,0,0,1.0,ORDERED with align,0,0,1.0,ORDERED with align
5,2,0.6868131868131868,ORDERED with align,12,1,0.8285714285714287,ORDERED with align,12,1,0.8285714285714287,ORDERED with align,12,1,0.8285714285714287,ORDERED with align,12,1,0.8285714285714287,ORDERED with align,12,1,0.8285714285714287,ORDERED with align,12,1,0.8285714285714287,ORDERED with align,12,1,0.8285714285714287,ORDERED with align,12,1,0.8285714285714287,ORDERED with align
13,4,0.3216783216783217,ORDERED with align,23,8,0.2323529411764706,ORDERED with align,23,8,0.2323529411764706,ORDERED with align,23,8,0.2323529411764706,ORDERED with align,23,8,0.2323529411764706,ORDERED with align,23,8,0.2323529411764706,ORDERED with align,23,8,0.2323529411764706,ORDERED with align,23,8,0.2323529411764706,ORDERED with align,23,8,0.2323529411764706,ORDERED with align
2,0,1.0,ORDERED with align,17,5,0.5164835164835164,ORDERED with align,17,5,0.5164835164835164,ORDERED with align,17,5,0.5164835164835164,ORDERED with align,17,5,0.5164835164835164,ORDERED with align,17,5,0.5164835164835164,ORDERED with align,17,5,0.5164835164835164,ORDERED with align,17,5,0.5164835164835164,ORDERED with align,17,5,0.5164835164835164,ORDERED with align
1,0,1.0,ORDERED with align,12,1,0.0,ORDERED with align,12,1,0.0,ORDERED with align,12,1,0.0,ORDERED with align,12,1,0.0,ORDERED with align,12,1,0.0,ORDERED with align,22,6,0.8571428571428571,ORDERED with align,12,1,0.0,ORDERED with align,12,1,0.0,ORDERED with align
4,0,1.0,ORDERED with align,28,8,0.7089783281733747,ORDERED with align,28,8,0.7089783281733747,ORDERED with align,28,8,0.7089783281733747,ORDERED with align,28,8,0.7089783281733747,ORDERED with align,29,7,0.5403508771929825,ORDERED with align,24,2,0.19999999999999998,ORDERED with align,28,8,0.7089783281733747,ORDERED with align,28,8,0.7089783281733747,ORDERED with align
0,0,1.0,ORDERED with align,16,4,0.23636363636363636,ORDERED with align,16,4,0.23636363636363636,ORDERED with align,18,3,0.8741258741258742,ORDERED with align,16,4,0.23636363636363636,ORDERED with align,16,4,0.23636363636363636,ORDERED with align,18,3,0.8741258741258742,ORDERED with align,16,4,0.23636363636363636,ORDERED with align,16,4,0.23636363636363636,ORDERED with align
5,6,-0.05294117647058824,ORDERED with align,16,4,0.7417582417582418,ORDERED with align,16,4,0.7417582417582418,ORDERED with align,6,3,0.945054945054945,ORDERED with align,16,4,0.7417582417582418,ORDERED with align,16,4,0.7417582417582418,ORDERED with align,6,3,0.945054945054945,ORDERED with align,16,4,0.7417582417582418,ORDERED with align,16,4,0.7417582417582418,ORDERED with align
12,5,0.8285714285714284,ORDERED with align,21,4,0.5000000000000001,ORDERED with align,21,4,0.5000000000000001,ORDERED with align,21,4,0.5000000000000001,ORDERED with align,21,4,0.5000000000000001,ORDERED with align,21,4,0.5000000000000001,ORDERED with align,21,4,0.5000000000000001,ORDERED with align,21,4,0.5000000000000001,ORDERED with align,21,4,0.5000000000000001,ORDERED with align
4,0,1.0,ORDERED with align,17,0,1.0,ORDERED with align,17,0,1.0,ORDERED with align,17,0,1.0,ORDERED with align,17,0,1.0,ORDERED with align,17,0,1.0,ORDERED with align,17,0,1.0,ORDERED with align,17,0,1.0,ORDERED with align,17,0,1.0,ORDERED with align
2,0,1.0,ORDERED with align,9,2,0.261904761904762,ORDERED with align,9,2,0.261904761904762,ORDERED with align,9,1,0.49999999999999994,ORDERED with align,9,2,0.261904761904762,ORDERED with align,9,2,0.261904761904762,ORDERED with align,9,2,0.261904761904762,ORDERED with align,9,1,0.49999999999999994,ORDERED with align,9,2,0.261904761904762,ORDERED with align
2,0,1.0,ORDERED with align,23,7,0.4245614035087719,ORDERED with align,21,1,0.0,ORDERED with align,23,7,0.4245614035087719,ORDERED with align,21,2,0.7714285714285715,ORDERED with align,21,2,0.7714285714285715,ORDERED with align,21,2,0.7714285714285715,ORDERED with align,19,3,-0.07142857142857144,ORDERED with align,21,1,0.0,ORDERED with align
0,0,1.0,ORDERED with align,33,1,0.7999999999999999,ORDERED with align,30,6,0.3727272727272728,ORDERED with align,27,2,0.7380952380952381,ORDERED with align,33,4,0.261904761904762,ORDERED with align,28,8,0.7565811965811965,ORDERED with align,28,8,0.7565811965811965,ORDERED with align,33,4,0.261904761904762,ORDERED with align,28,8,0.7565811965811965,ORDERED with align
3,0,1.0,ORDERED with align,19,5,0.29090909090909095,ORDERED with align,26,6,0.30147058823529416,ORDERED with align,19,5,0.29090909090909095,ORDERED with align,26,6,0.30147058823529416,ORDERED with align,19,4,-0.0303030303030303,ORDERED with align,19,4,-0.0303030303030303,ORDERED with align,26,6,0.30147058823529416,ORDERED with align,19,4,-0.0303030303030303,ORDERED with align
0,0,1.0,ORDERED with align,20,3,0.6571428571428573,ORDERED with align,8,2,-0.14285714285714288,ORDERED with align,20,3,0.6571428571428573,ORDERED with align,20,3,0.6571428571428573,ORDERED with align,20,3,0.6571428571428573,ORDERED with align,20,3,0.6571428571428573,ORDERED with align,8,2,-0.14285714285714288,ORDERED with align,8,2,-0.14285714285714288,ORDERED with align
8,8,0.9419813902572524,ORDERED with align,26,5,0.31666666666666665,ORDERED with align,30,9,0.36274509803921573,ORDERED with align,26,5,0.31666666666666665,ORDERED with align,26,5,0.31666666666666665,ORDERED with align,26,5,0.31666666666666665,ORDERED with align,26,5,0.31666666666666665,ORDERED with align,30,8,0.3382352941176471,ORDERED with align,30,9,0.36274509803921573,ORDERED with align
7,3,0.09999999999999999,ORDERED with align,16,3,0.2142857142857143,ORDERED with align,16,3,0.2142857142857143,ORDERED with align,16,3,0.2142857142857143,ORDERED with align,16,3,0.2142857142857143,ORDERED with align,16,3,0.2142857142857143,ORDERED with align,16,3,0.2142857142857143,ORDERED with align,16,3,0.2142857142857143,ORDERED with align,16,3,0.2142857142857143,ORDERED with align
14,2,0.9368421052631578,ORDERED with align,29,7,-0.02450980392156863,ORDERED with align,29,7,-0.02450980392156863,ORDERED with align,29,7,-0.02450980392156863,ORDERED with align,29,7,-0.02450980392156863,ORDERED with align,29,9,0.5530434782608695,ORDERED with align,29,7,-0.02450980392156863,ORDERED with align,29,7,-0.02450980392156863,ORDERED with align,29,7,-0.02450980392156863,ORDERED with align
10,4,-0.21678321678321683,ORDERED with align,18,2,-0.3,ORDERED with align,18,2,-0.3,ORDERED with align,16,9,-0.11428571428571425,ORDERED with align,18,2,-0.3,ORDERED with align,0,0,1.0,ORDERED with align,18,2,-0.3,ORDERED with align,18,2,-0.3,ORDERED with align,18,2,-0.3,ORDERED with align
14,3,0.8470588235294119,ORDERED with align,26,2,-0.3,ORDERED with align,26,2,-0.3,ORDERED with align,25,3,0.028571428571428574,ORDERED with align,26,2,-0.3,ORDERED with align,28,11,0.40448823207443896,ORDERED with align,26,2,-0.3,ORDERED with align,26,2,-0.3,ORDERED with align,26,2,-0.3,ORDERED with align
2,2,0.9902319902319903,ORDERED with align,34,10,0.4918125352907962,ORDERED with align,34,10,0.4918125352907962,ORDERED with align,26,0,0.9999999999999999,ORDERED with align,25,6,0.07857142857142857,ORDERED with align,26,0,0.9999999999999999,ORDERED with align,25,6,0.07857142857142857,ORDERED with align,34,10,0.4918125352907962,ORDERED with align,25,6,0.07857142857142857,ORDERED with align
23,3,0.04761904761904763,ORDERED with align,24,4,0.7090909090909092,ORDERED with align,26,2,0.09999999999999999,ORDERED with align,26,2,0.09999999999999999,ORDERED with align,26,2,0.09999999999999999,ORDERED with align,26,2,0.09999999999999999,ORDERED with align,26,2,0.09999999999999999,ORDERED with align,26,2,0.09999999999999999,ORDERED with align,26,2,0.09999999999999999,ORDERED with align
18,3,0.9733333333333332,ORDERED with align,41,6,0.25274725274725274,ORDERED with align,41,6,0.25274725274725274,ORDERED with align,41,6,0.25274725274725274,ORDERED with align,41,6,0.25274725274725274,ORDERED with align,41,6,0.25274725274725274,ORDERED with align,41,6,0.25274725274725274,ORDERED with align,41,6,0.25274725274725274,ORDERED with align,41,6,0.25274725274725274,ORDERED with align
11,5,0.7832167832167832,ORDERED with align,15,4,-0.03333333333333333,ORDERED with align,15,4,-0.03333333333333333,ORDERED with align,15,4,-0.03333333333333333,ORDERED with align,15,4,-0.03333333333333333,ORDERED with align,37,6,0.24509803921568632,ORDERED with align,15,4,-0.03333333333333333,ORDERED with align,15,4,-0.03333333333333333,ORDERED with align,37,6,0.24509803921568632,ORDERED with align
7,1,0.9683794466403164,ORDERED with align,35,12,0.2692307692307692,ORDERED with align,35,12,0.2692307692307692,ORDERED with align,35,12,0.2692307692307692,ORDERED with align,26,13,0.09692307692307693,ORDERED with align,22,4,0.33333333333333326,ORDERED with align,35,12,0.2692307692307692,ORDERED with align,35,12,0.2692307692307692,ORDERED with align,22,4,0.33333333333333326,ORDERED with align
10,4,-0.5176470588235293,ORDERED with align,16,7,0.6529411764705881,ORDERED with align,19,6,0.34965034965034975,ORDERED with align,19,6,0.34965034965034975,ORDERED with align,19,6,0.34965034965034975,ORDERED with align,16,7,0.6529411764705881,ORDERED with align,24,7,0.6904024767801857,ORDERED with align,19,6,0.34965034965034975,ORDERED with align,19,6,0.34965034965034975,ORDERED with align
1,2,0.7,ORDERED with align,15,5,0.13636363636363638,ORDERED with align,13,4,0.7727272727272727,ORDERED with align,13,4,0.7902097902097903,ORDERED with align,0,0,1.0,ORDERED with align,15,5,0.13636363636363638,ORDERED with align,0,0,1.0,ORDERED with align,0,0,1.0,ORDERED with align,0,0,1.0,ORDERED with align
21,7,-0.07058823529411765,ORDERED with align,26,5,0.6538461538461539,ORDERED with align,25,9,0.39999999999999997,ORDERED with align,25,9,0.39999999999999997,ORDERED with align,26,8,0.49022556390977434,ORDERED with align,26,8,0.49022556390977434,ORDERED with align,26,8,0.49022556390977434,ORDERED with align,26,5,0.6538461538461539,ORDERED with align,26,5,0.6538461538461539,ORDERED with align
2,0,0.9999999999999999,ORDERED with align,17,6,0.11515151515151514,ORDERED with align,17,6,0.11515151515151514,ORDERED with align,17,6,0.11515151515151514,ORDERED with align,8,4,0.2121212121212121,ORDERED with align,9,4,0.6,ORDERED with align,8,4,0.2121212121212121,ORDERED with align,17,6,0.11515151515151514,ORDERED with align,17,6,0.11515151515151514,ORDERED with align
5,0,1.0,ORDERED with align,12,5,0.8791208791208791,ORDERED with align,12,5,0.8791208791208791,ORDERED with align,12,5,0.8791208791208791,ORDERED with align,12,5,0.8791208791208791,ORDERED with align,12,5,0.8791208791208791,ORDERED with align,12,5,0.8791208791208791,ORDERED with align,12,5,0.8791208791208791,ORDERED with align,12,5,0.8791208791208791,ORDERED with align
10,5,-0.09782608695652174,ORDERED with align,28,4,-0.3571428571428572,ORDERED with align,28,4,-0.3571428571428572,ORDERED with align,28,4,-0.3571428571428572,ORDERED with align,28,4,-0.3571428571428572,ORDERED with align,28,4,-0.3571428571428572,ORDERED with align,28,4,-0.3571428571428572,ORDERED with align,28,4,-0.3571428571428572,ORDERED with align,28,4,-0.3571428571428572,ORDERED with align
9,0,0.9999999999999999,ORDERED with align,18,3,0.690909090909091,ORDERED with align,25,7,0.42414860681114547,ORDERED with align,25,7,0.42414860681114547,ORDERED with align,25,7,0.42414860681114547,ORDERED with align,25,7,0.42414860681114547,ORDERED with align,25,7,0.42414860681114547,ORDERED with align,18,2,-0.3,ORDERED with align,18,2,-0.3,ORDERED with align
2,2,0.8988648090815273,ORDERED with align,18,2,0.09999999999999999,ORDERED with align,7,0,1.0,ORDERED with align,7,0,1.0,ORDERED with align,7,0,1.0,ORDERED with align,7,0,1.0,ORDERED with align,7,0,1.0,ORDERED with align,7,0,1.0,ORDERED with align,7,0,1.0,ORDERED with align
9,0,1.0,ORDERED with align,23,2,0.6363636363636362,ORDERED with align,23,2,0.6363636363636362,ORDERED with align,23,2,0.6363636363636362,ORDERED with align,24,5,0.6293706293706295,ORDERED with align,24,5,0.6293706293706295,ORDERED with align,23,2,0.6363636363636362,ORDERED with align,23,2,0.6363636363636362,ORDERED with align,23,2,0.6363636363636362,ORDERED with align
6,2,0.9278195488721804,ORDERED with align,21,3,-0.2571428571428572,ORDERED with align,21,3,-0.2571428571428572,ORDERED with align,21,3,-0.2571428571428572,ORDERED with align,21,3,-0.2571428571428572,ORDERED with align,21,3,-0.2571428571428572,ORDERED with align,21,3,-0.2571428571428572,ORDERED with align,25,11,0.4947368421052631,ORDERED with align,21,3,-0.2571428571428572,ORDERED with align
2,2,0.8626373626373626,ORDERED with align,24,5,0.6293706293706295,ORDERED with align,25,7,0.38461538461538464,ORDERED with align,10,3,-0.03571428571428572,ORDERED with align,24,5,0.6293706293706295,ORDERED with align,24,5,0.6293706293706295,ORDERED with align,24,5,0.6293706293706295,ORDERED with align,13,2,0.6571428571428573,ORDERED with align,24,5,0.6293706293706295,ORDERED with align
7,2,0.9397233201581027,ORDERED with align,0,0,0.9999999999999998,ORDERED with align,24,9,0.6904347826086955,ORDERED with align,24,9,0.6904347826086955,ORDERED with align,26,5,-0.642857142857143,ORDERED with align,26,5,-0.642857142857143,ORDERED with align,26,5,-0.642857142857143,ORDERED with align,26,5,-0.642857142857143,ORDERED with align,29,6,0.5170278637770898,ORDERED with align
5,1,0.9954887218045112,ORDERED with align,24,8,0.4892857142857142,ORDERED with align,24,8,0.4892857142857142,ORDERED with align,24,8,0.4892857142857142,ORDERED with align,22,10,0.3987012987012987,ORDERED with align,24,8,0.4892857142857142,ORDERED with align,24,8,0.4892857142857142,ORDERED with align,24,8,0.4892857142857142,ORDERED with align,22,10,0.3987012987012987,ORDERED with align
5,0,1.0,ORDERED with align,18,3,0.09999999999999999,ORDERED with align,18,3,0.09999999999999999,ORDERED with align,25,8,0.5964912280701754,ORDERED with align,23,8,0.36470588235294116,ORDERED with align,25,8,0.5964912280701754,ORDERED with align,25,8,0.5964912280701754,ORDERED with align,25,8,0.5964912280701754,ORDERED with align,18,3,0.09999999999999999,ORDERED with align
0,0,1.0,ORDERED with align,6,1,0.6571428571428573,ORDERED with align,6,1,0.6571428571428573,ORDERED with align,6,1,0.6571428571428573,ORDERED with align,18,1,0.5428571428571429,ORDERED with align,18,1,0.5428571428571429,ORDERED with align,18,1,0.5428571428571429,ORDERED with align,18,1,0.5428571428571429,ORDERED with align,6,1,0.6571428571428573,ORDERED with align
3,2,0.981424148606811,ORDERED with align,18,5,-0.2380952380952381,ORDERED with align,18,5,-0.2380952380952381,ORDERED with align,0,0,1.0,ORDERED with align,18,5,-0.2380952380952381,ORDERED with align,0,0,1.0,ORDERED with align,0,0,1.0,ORDERED with align,18,5,-0.2380952380952381,ORDERED with align,18,5,-0.2380952380952381,ORDERED with align
14,6,0.9348659003831418,ORDERED with align,30,9,0.4701298701298702,ORDERED with align,30,9,0.4701298701298702,ORDERED with align,32,2,0.07142857142857144,ORDERED with align,30,9,0.4701298701298702,ORDERED with align,32,2,0.07142857142857144,ORDERED with align,32,2,0.07142857142857144,ORDERED with align,30,9,0.4701298701298702,ORDERED with align,30,9,0.4701298701298702,ORDERED with align
3,2,0.993984962406015,ORDERED with align,22,3,0.6666666666666669,ORDERED with align,22,3,0.6666666666666669,ORDERED with align,21,3,0.3214285714285715,ORDERED with align,21,3,0.3214285714285715,ORDERED with align,22,3,0.6666666666666669,ORDERED with align,22,3,0.6666666666666669,ORDERED with align,21,1,0.7999999999999999,ORDERED with align,22,3,0.6666666666666669,ORDERED with align
4,3,-1.0,ORDERED with align,6,1,0.39999999999999997,ORDERED with align,6,1,0.39999999999999997,ORDERED with align,6,1,0.39999999999999997,ORDERED with align,6,1,0.39999999999999997,ORDERED with align,6,1,0.39999999999999997,ORDERED with align,6,1,0.39999999999999997,ORDERED with align,5,2,0.6785714285714287,ORDERED with align,6,1,0.39999999999999997,ORDERED with align
6,2,-0.5549450549450549,ORDERED with align,17,3,-0.642857142857143,ORDERED with align,17,3,-0.642857142857143,ORDERED with align,15,4,-0.3,ORDERED with align,15,4,-0.3,ORDERED with align,15,4,-0.3,ORDERED with align,17,3,-0.642857142857143,ORDERED with align,17,3,-0.642857142857143,ORDERED with align,17,3,-0.642857142857143,ORDERED with align
8,3,0.9264705882352943,ORDERED with align,24,4,0.5833333333333334,ORDERED with align,24,4,0.5833333333333334,ORDERED with align,23,4,-0.10714285714285716,ORDERED with align,23,4,-0.10714285714285716,ORDERED with align,23,4,-0.10714285714285716,ORDERED with align,24,4,0.5833333333333334,ORDERED with align,24,4,0.5833333333333334,ORDERED with align,24,4,0.5833333333333334,ORDERED with align
4,0,1.0,ORDERED with align,14,4,0.3076923076923077,ORDERED with align,14,4,0.3076923076923077,ORDERED with align,14,4,0.3076923076923077,ORDERED with align,14,4,0.3076923076923077,ORDERED with align,14,4,0.3076923076923077,ORDERED with align,14,4,0.3076923076923077,ORDERED with align,14,4,0.3076923076923077,ORDERED with align,14,4,0.3076923076923077,ORDERED with align
27,0,1.0,ORDERED with align,42,2,0.6,ORDERED with align,42,2,0.6,ORDERED with align,42,2,0.6,ORDERED with align,42,2,0.6,ORDERED with align,42,2,0.6,ORDERED with align,42,2,0.6,ORDERED with align,42,2,0.6,ORDERED with align,42,2,0.6,ORDERED with align
6,3,0.7696969696969697,ORDERED with align,13,3,0.8454545454545455,ORDERED with align,13,3,0.8454545454545455,ORDERED with align,13,3,0.8454545454545455,ORDERED with align,13,3,0.8454545454545455,ORDERED with align,13,3,0.8454545454545455,ORDERED with align,13,3,0.8454545454545455,ORDERED with align,13,3,0.8454545454545455,ORDERED with align,13,3,0.8454545454545455,ORDERED with align
3,0,1.0,ORDERED with align,0,0,1.0,ORDERED with align,21,1,0.0,ORDERED with align,21,1,0.0,ORDERED with align,21,1,0.0,ORDERED with align,20,3,0.6904761904761906,ORDERED with align,21,1,0.0,ORDERED with align,20,3,0.6904761904761906,ORDERED with align,21,1,0.0,ORDERED with align
0,0,1.0,ORDERED with align,11,1,0.0,ORDERED with align,10,4,0.28571428571428575,ORDERED with align,10,4,0.28571428571428575,ORDERED with align,19,6,0.41958041958041964,ORDERED with align,19,6,0.41958041958041964,ORDERED with align,10,4,0.28571428571428575,ORDERED with align,11,1,0.0,ORDERED with align,10,4,0.28571428571428575,ORDERED with align
1,1,0.9911764705882352,ORDERED with align,8,0,1.0,ORDERED with align,20,7,0.22142857142857136,ORDERED with align,20,7,0.22142857142857136,ORDERED with align,8,0,1.0,ORDERED with align,16,2,0.09999999999999999,ORDERED with align,20,7,0.22142857142857136,ORDERED with align,20,7,0.22142857142857136,ORDERED with align,20,7,0.22142857142857136,ORDERED with align
2,0,1.0,ORDERED with align,5,1,0.14285714285714288,ORDERED with align,5,1,0.14285714285714288,ORDERED with align,5,1,-0.3714285714285715,ORDERED with align,5,1,0.14285714285714288,ORDERED with align,5,1,0.14285714285714288,ORDERED with align,5,1,0.14285714285714288,ORDERED with align,5,1,0.14285714285714288,ORDERED with align,5,1,-0.3714285714285715,ORDERED with align
0,0,1.0,ORDERED with align,6,0,1.0,ORDERED with align,6,0,1.0,ORDERED with align,6,0,1.0,ORDERED with align,6,0,1.0,ORDERED with align,0,0,1.0,ORDERED with align,0,0,1.0,ORDERED with align,6,0,1.0,ORDERED with align,6,0,1.0,ORDERED with align
2,1,0.6606060606060605,ORDERED with align,9,2,0.2380952380952381,ORDERED with align,9,2,0.2380952380952381,ORDERED with align,9,2,0.2380952380952381,ORDERED with align,9,2,0.2380952380952381,ORDERED with align,9,2,0.2380952380952381,ORDERED with align,9,2,0.2380952380952381,ORDERED with align,9,2,0.2380952380952381,ORDERED with align,9,2,0.2380952380952381,ORDERED with align
6,3,0.8464144551101074,ORDERED with align,23,5,0.06666666666666665,ORDERED with align,23,5,0.06666666666666665,ORDERED with align,23,5,0.06666666666666665,ORDERED with align,23,5,0.06666666666666665,ORDERED with align,23,5,0.06666666666666665,ORDERED with align,23,5,0.06666666666666665,ORDERED with align,23,5,0.06666666666666665,ORDERED with align,23,5,0.06666666666666665,ORDERED with align
0,0,1.0,ORDERED with align,19,2,0.3,ORDERED with align,19,2,0.3,ORDERED with align,19,2,0.3,ORDERED with align,19,2,0.3,ORDERED with align,19,2,0.3,ORDERED with align,19,2,0.3,ORDERED with align,19,2,0.3,ORDERED with align,19,2,0.3,ORDERED with align
7,2,0.9,ORDERED with align,9,3,-0.09523809523809526,ORDERED with align,9,3,-0.09523809523809526,ORDERED with align,9,3,-0.09523809523809526,ORDERED with align,9,3,-0.09523809523809526,ORDERED with align,9,3,-0.09523809523809526,ORDERED with align,9,3,-0.09523809523809526,ORDERED with align,9,3,-0.09523809523809526,ORDERED with align,9,3,-0.09523809523809526,ORDERED with align
4,2,-0.2606060606060606,ORDERED with align,22,5,0.5714285714285714,ORDERED with align,15,2,0.9636363636363637,ORDERED with align,15,2,0.9636363636363637,ORDERED with align,15,2,0.9636363636363637,ORDERED with align,22,5,0.5714285714285714,ORDERED with align,22,5,0.5714285714285714,ORDERED with align,22,5,0.5714285714285714,ORDERED with align,22,5,0.5714285714285714,ORDERED with align
2,1,0.9422084623323013,ORDERED with align,18,4,0.6098901098901099,ORDERED with align,23,8,0.30147058823529416,ORDERED with align,23,8,0.30147058823529416,ORDERED with align,23,8,0.30147058823529416,ORDERED with align,18,4,0.6098901098901099,ORDERED with align,18,4,0.6098901098901099,ORDERED with align,18,4,0.6098901098901099,ORDERED with align,18,4,0.6098901098901099,ORDERED with align
2,0,1.0,ORDERED with align,10,2,0.7714285714285715,ORDERED with align,10,2,0.7714285714285715,ORDERED with align,10,2,0.7714285714285715,ORDERED with align,10,2,0.7714285714285715,ORDERED with align,10,2,0.7714285714285715,ORDERED with align,10,2,0.7714285714285715,ORDERED with align,10,2,0.7714285714285715,ORDERED with align,10,2,0.7714285714285715,ORDERED with align
3,1,0.9790209790209792,ORDERED with align,2,0,1.0,ORDERED with align,2,0,1.0,ORDERED with align,2,0,1.0,ORDERED with align,2,0,1.0,ORDERED with align,2,0,1.0,ORDERED with align,2,0,1.0,ORDERED with align,2,0,1.0,ORDERED with align,2,0,1.0,ORDERED with align
15,6,0.8530769230769231,ORDERED with align,35,1,0.39999999999999997,ORDERED with align,35,1,0.39999999999999997,ORDERED with align,35,1,0.39999999999999997,ORDERED with align,35,1,0.39999999999999997,ORDERED with align,34,4,0.19047619047619052,ORDERED with align,35,1,0.39999999999999997,ORDERED with align,35,1,0.39999999999999997,ORDERED with align,35,1,0.39999999999999997,ORDERED with align
5,1,0.9955506117908787,ORDERED with align,30,2,0.5,ORDERED with align,30,2,0.5,ORDERED with align,30,2,0.5,ORDERED with align,30,2,0.5,ORDERED with align,28,4,-0.2380952380952381,ORDERED with align,30,2,0.5,ORDERED with align,30,2,0.5,ORDERED with align,30,2,0.5,ORDERED with align
6,1,0.9674876847290638,ORDERED with align,31,2,0.08571428571428573,ORDERED with align,31,2,0.08571428571428573,ORDERED with align,31,2,0.08571428571428573,ORDERED with align,31,2,0.08571428571428573,ORDERED with align,30,1,0.7999999999999999,ORDERED with align,31,2,0.08571428571428573,ORDERED with align,31,2,0.08571428571428573,ORDERED with align,31,2,0.08571428571428573,ORDERED with align
10,2,0.2657342657342658,ORDERED with align,17,6,-0.14545454545454548,ORDERED with align,17,6,-0.14545454545454548,ORDERED with align,17,6,-0.14545454545454548,ORDERED with align,17,6,-0.14545454545454548,ORDERED with align,17,6,-0.14545454545454548,ORDERED with align,17,6,-0.14545454545454548,ORDERED with align,17,6,-0.14545454545454548,ORDERED with align,17,6,-0.14545454545454548,ORDERED with align
5,3,0.9480519480519479,ORDERED with align,0,0,0.9999999999999999,ORDERED with align,15,0,1.0,ORDERED with align,15,0,1.0,ORDERED with align,15,0,1.0,ORDERED with align,0,0,0.9999999999999999,ORDERED with align,0,0,0.9999999999999999,ORDERED with align,15,0,1.0,ORDERED with align,22,1,0.8928571428571429,ORDERED with align
1,0,1.0,ORDERED with align,15,3,-0.28571428571428575,ORDERED with align,14,7,0.7499999999999999,ORDERED with align,14,7,0.7499999999999999,ORDERED with align,14,7,0.7499999999999999,ORDERED with align,14,7,0.7499999999999999,ORDERED with align,14,7,0.7499999999999999,ORDERED with align,15,3,-0.28571428571428575,ORDERED with align,14,3,0.15,ORDERED with align
2,0,1.0,ORDERED with align,17,6,0.48901098901098894,ORDERED with align,17,4,0.10714285714285716,ORDERED with align,17,4,0.10714285714285716,ORDERED with align,17,4,0.10714285714285716,ORDERED with align,17,6,0.48901098901098894,ORDERED with align,17,6,0.48901098901098894,ORDERED with align,17,4,0.10714285714285716,ORDERED with align,16,9,0.2175438596491228,ORDERED with align
1,0,1.0,ORDERED with align,18,6,0.4447884416924664,ORDERED with align,0,0,1.0,ORDERED with align,18,2,0.6,ORDERED with align,0,0,1.0,ORDERED with align,18,6,0.4447884416924664,ORDERED with align,0,0,1.0,ORDERED with align,0,0,1.0,ORDERED with align,15,3,0.5104895104895105,ORDERED with align
12,7,-0.1961038961038961,ORDERED with align,19,7,0.5789473684210527,ORDERED with align,20,3,0.1666666666666667,ORDERED with align,20,3,0.1666666666666667,ORDERED with align,20,8,0.5170278637770898,ORDERED with align,19,7,0.5789473684210527,ORDERED with align,20,8,0.5170278637770898,ORDERED with align,20,8,0.5170278637770898,ORDERED with align,19,7,0.5789473684210527,ORDERED with align
3,0,1.0,ORDERED with align,22,2,-0.028571428571428574,ORDERED with align,21,8,0.32280701754385965,ORDERED with align,21,8,0.32280701754385965,ORDERED with align,19,3,0.09523809523809526,ORDERED with align,19,3,0.09523809523809526,ORDERED with align,19,3,0.09523809523809526,ORDERED with align,19,3,0.09523809523809526,ORDERED with align,19,3,0.09523809523809526,ORDERED with align
0,0,1.0,ORDERED with align,11,1,0.8285714285714287,ORDERED with align,14,2,0.2,ORDERED with align,15,3,0.5104895104895105,ORDERED with align,14,2,0.2,ORDERED with align,14,2,0.2,ORDERED with align,14,2,0.2,ORDERED with align,14,2,0.2,ORDERED with align,14,2,0.2,ORDERED with align
1,0,1.0,ORDERED with align,13,4,0.023809523809523815,ORDERED with align,13,4,0.023809523809523815,ORDERED with align,13,4,0.023809523809523815,ORDERED with align,13,4,0.023809523809523815,ORDERED with align,13,4,0.023809523809523815,ORDERED with align,13,4,0.023809523809523815,ORDERED with align,13,4,0.023809523809523815,ORDERED with align,13,4,0.023809523809523815,ORDERED with align
7,4,0.7842105263157895,ORDERED with align,24,3,-0.30952380952380953,ORDERED with align,24,3,-0.30952380952380953,ORDERED with align,24,3,-0.30952380952380953,ORDERED with align,24,3,-0.30952380952380953,ORDERED with align,24,3,-0.30952380952380953,ORDERED with align,24,3,-0.30952380952380953,ORDERED with align,24,3,-0.30952380952380953,ORDERED with align,24,3,-0.30952380952380953,ORDERED with align
12,6,0.007352941176470588,ORDERED with align,20,3,0.1785714285714286,ORDERED with align,20,3,0.1785714285714286,ORDERED with align,20,5,0.27272727272727276,ORDERED with align,20,3,0.1785714285714286,ORDERED with align,20,5,0.27272727272727276,ORDERED with align,20,3,0.1785714285714286,ORDERED with align,20,3,0.1785714285714286,ORDERED with align,20,3,0.1785714285714286,ORDERED with align
5,1,0.9966120835686054,ORDERED with align,27,3,0.7333333333333332,ORDERED with align,27,3,0.7333333333333332,ORDERED with align,26,3,0.3142857142857143,ORDERED with align,27,3,0.7333333333333332,ORDERED with align,26,3,0.3142857142857143,ORDERED with align,27,3,0.7333333333333332,ORDERED with align,27,3,0.7333333333333332,ORDERED with align,27,3,0.7333333333333332,ORDERED with align
5,2,-0.5174825174825175,ORDERED with align,22,7,0.475,ORDERED with align,15,4,0.4047619047619048,ORDERED with align,15,4,0.4047619047619048,ORDERED with align,22,7,0.475,ORDERED with align,15,4,0.4047619047619048,ORDERED with align,24,7,0.5808823529411765,ORDERED with align,15,4,0.4047619047619048,ORDERED with align,15,2,0.3,ORDERED with align
0,0,1.0,ORDERED with align,21,3,0.14285714285714288,ORDERED with align,18,3,-0.7714285714285715,ORDERED with align,24,9,0.2411764705882353,ORDERED with align,21,3,0.14285714285714288,ORDERED with align,24,9,0.2411764705882353,ORDERED with align,18,3,-0.7714285714285715,ORDERED with align,24,9,0.2411764705882353,ORDERED with align,21,3,0.14285714285714288,ORDERED with align
2,0,1.0,ORDERED with align,20,3,0.23636363636363633,ORDERED with align,20,3,0.23636363636363633,ORDERED with align,21,3,0.4642857142857144,ORDERED with align,20,3,0.23636363636363633,ORDERED with align,20,3,0.23636363636363633,ORDERED with align,20,3,0.23636363636363633,ORDERED with align,20,3,0.23636363636363633,ORDERED with align,20,3,0.23636363636363633,ORDERED with align
0,0,1.0,ORDERED with align,13,0,1.0,ORDERED with align,13,0,1.0,ORDERED with align,20,4,0.07142857142857144,ORDERED with align,13,0,1.0,ORDERED with align,13,0,1.0,ORDERED with align,13,0,1.0,ORDERED with align,13,0,1.0,ORDERED with align,13,0,1.0,ORDERED with align
5,2,-0.18787878787878787,ORDERED with align,17,5,0.04895104895104895,ORDERED with align,17,5,0.04895104895104895,ORDERED with align,17,5,0.04895104895104895,ORDERED with align,17,5,0.04895104895104895,ORDERED with align,17,5,0.04895104895104895,ORDERED with align,17,5,0.04895104895104895,ORDERED with align,17,5,0.04895104895104895,ORDERED with align,17,5,0.04895104895104895,ORDERED with align
9,3,0.41208791208791207,ORDERED with align,0,0,1.0,ORDERED with align,0,0,1.0,ORDERED with align,16,4,-0.25,ORDERED with align,0,0,1.0,ORDERED with align,0,0,1.0,ORDERED with align,16,4,-0.25,ORDERED with align,16,4,-0.25,ORDERED with align,0,0,1.0,ORDERED with align
13,3,0.9052631578947368,ORDERED with align,25,1,0.25,ORDERED with align,25,1,0.25,ORDERED with align,24,9,0.3789473684210526,ORDERED with align,25,1,0.25,ORDERED with align,25,1,0.25,ORDERED with align,24,9,0.3789473684210526,ORDERED with align,24,9,0.3789473684210526,ORDERED with align,25,1,0.25,ORDERED with align
5,1,-0.4303405572755417,ORDERED with align,0,0,1.0,ORDERED with align,20,6,-0.09090909090909088,ORDERED with align,0,0,1.0,ORDERED with align,0,0,1.0,ORDERED with align,0,0,1.0,ORDERED with align,0,0,1.0,ORDERED with align,0,0,1.0,ORDERED with align,20,6,-0.09090909090909088,ORDERED with align
0,0,1.0,ORDERED with align,9,2,0.8857142857142858,ORDERED with align,18,4,0.0,ORDERED with align,9,3,-0.19999999999999998,ORDERED with align,9,3,-0.19999999999999998,ORDERED with align,9,3,-0.19999999999999998,ORDERED with align,11,5,0.5833333333333334,ORDERED with align,9,3,-0.19999999999999998,ORDERED with align,18,4,0.0,ORDERED with align
3,3,0.6467532467532467,ORDERED with align,18,4,-0.5515151515151515,ORDERED with align,20,5,-0.03636363636363637,ORDERED with align,20,3,-0.4285714285714286,ORDERED with align,20,3,-0.4285714285714286,ORDERED with align,20,5,-0.03636363636363637,ORDERED with align,18,4,-0.5515151515151515,ORDERED with align,20,3,-0.4285714285714286,ORDERED with align,20,5,-0.03636363636363637,ORDERED with align
4,0,1.0,ORDERED with align,24,9,0.5058823529411764,ORDERED with align,21,3,0.07142857142857144,ORDERED with align,21,2,0.14285714285714288,ORDERED with align,21,2,0.14285714285714288,ORDERED with align,24,9,0.5058823529411764,ORDERED with align,24,9,0.5058823529411764,ORDERED with align,21,3,0.07142857142857144,ORDERED with align,21,3,0.07142857142857144,ORDERED with align
0,0,0.9999999999999999,ORDERED with align,9,3,0.14285714285714288,ORDERED with align,10,6,0.6242424242424242,ORDERED with align,11,4,0.03571428571428572,ORDERED with align,18,4,-0.5515151515151515,ORDERED with align,22,4,0.5515151515151515,ORDERED with align,9,2,-0.3142857142857143,ORDERED with align,18,4,-0.5515151515151515,ORDERED with align,10,6,0.6242424242424242,ORDERED with align
6,3,0.39999999999999997,ORDERED with align,22,5,0.27272727272727276,ORDERED with align,13,3,-0.4285714285714286,ORDERED with align,11,2,0.7454545454545454,ORDERED with align,24,4,0.7090909090909092,ORDERED with align,10,3,-0.08571428571428573,ORDERED with align,24,4,0.7090909090909092,ORDERED with align,11,2,0.7454545454545454,ORDERED with align,20,5,-0.03636363636363637,ORDERED with align
0,0,1.0,ORDERED with align,22,5,0.38181818181818183,ORDERED with align,22,5,0.38181818181818183,ORDERED with align,22,5,0.38181818181818183,ORDERED with align,11,5,0.45,ORDERED with align,22,5,0.38181818181818183,ORDERED with align,19,4,0.3545454545454546,ORDERED with align,22,5,0.38181818181818183,ORDERED with align,22,5,0.38181818181818183,ORDERED with align
24,4,0.6214285714285712,ORDERED with align,34,3,0.48181818181818187,ORDERED with align,34,3,0.48181818181818187,ORDERED with align,34,3,0.48181818181818187,ORDERED with align,34,3,0.48181818181818187,ORDERED with align,34,3,0.48181818181818187,ORDERED with align,34,3,0.48181818181818187,ORDERED with align,34,3,0.48181818181818187,ORDERED with align,34,3,0.48181818181818187,ORDERED with align
0,0,0.9999999999999999,ORDERED with align,14,1,0.4545454545454545,ORDERED with align,14,1,0.4545454545454545,ORDERED with align,14,1,0.4545454545454545,ORDERED with align,14,1,0.4545454545454545,ORDERED with align,14,1,0.4545454545454545,ORDERED with align,14,1,0.4545454545454545,ORDERED with align,21,4,-0.38095238095238104,ORDERED with align,14,1,0.4545454545454545,ORDERED with align
2,0,1.0,ORDERED with align,13,2,0.6190476190476191,ORDERED with align,13,3,0.49090909090909085,ORDERED with align,13,3,0.49090909090909085,ORDERED with align,13,2,0.6190476190476191,ORDERED with align,13,2,0.6190476190476191,ORDERED with align,13,3,0.49090909090909085,ORDERED with align,14,5,-0.04242424242424241,ORDERED with align,13,3,0.49090909090909085,ORDERED with align
4,3,0.9377777777777777,ORDERED with align,24,6,0.6307692307692307,ORDERED with align,24,4,-0.08333333333333334,ORDERED with align,24,4,-0.08333333333333334,ORDERED with align,24,4,-0.08333333333333334,ORDERED with align,24,8,0.6357142857142856,ORDERED with align,24,8,0.6357142857142856,ORDERED with align,24,4,-0.08333333333333334,ORDERED with align,24,4,-0.08333333333333334,ORDERED with align
3,0,1.0,ORDERED with align,16,10,-0.056140350877192984,ORDERED with align,16,10,-0.056140350877192984,ORDERED with align,16,10,-0.056140350877192984,ORDERED with align,16,10,-0.056140350877192984,ORDERED with align,16,10,-0.056140350877192984,ORDERED with align,16,10,-0.056140350877192984,ORDERED with align,16,10,-0.056140350877192984,ORDERED with align,17,5,0.3230769230769231,ORDERED with align
8,6,0.7289666854884248,ORDERED with align,23,6,0.8021978021978022,ORDERED with align,23,6,0.8021978021978022,ORDERED with align,25,3,0.5000000000000001,ORDERED with align,23,6,0.8021978021978022,ORDERED with align,25,3,0.5000000000000001,ORDERED with align,25,3,0.5000000000000001,ORDERED with align,25,3,0.5000000000000001,ORDERED with align,25,3,0.5000000000000001,ORDERED with align
1,0,0.9999999999999999,ORDERED with align,12,3,-0.25,ORDERED with align,12,3,-0.25,ORDERED with align,14,4,0.6666666666666667,ORDERED with align,12,3,-0.25,ORDERED with align,14,4,0.6666666666666667,ORDERED with align,14,4,0.6666666666666667,ORDERED with align,14,4,0.6666666666666667,ORDERED with align,18,5,0.5151515151515151,ORDERED with align
3,0,0.9999999999999999,ORDERED with align,21,1,0.7619047619047621,ORDERED with align,26,2,0.5393939393939393,ORDERED with align,26,2,0.5393939393939393,ORDERED with align,21,1,0.7619047619047621,ORDERED with align,21,1,0.7619047619047621,ORDERED with align,21,1,0.7619047619047621,ORDERED with align,26,2,0.5393939393939393,ORDERED with align,26,2,0.5393939393939393,ORDERED with align
4,0,1.0,ORDERED with align,20,4,-0.4523809523809524,ORDERED with align,17,2,0.642857142857143,ORDERED with align,17,2,0.642857142857143,ORDERED with align,20,4,-0.4523809523809524,ORDERED with align,18,7,0.41818181818181827,ORDERED with align,20,4,-0.4523809523809524,ORDERED with align,17,2,0.642857142857143,ORDERED with align,17,2,0.642857142857143,ORDERED with align
1,0,1.0,ORDERED with align,7,1,0.7619047619047621,ORDERED with align,11,4,0.3426573426573427,ORDERED with align,7,1,0.7619047619047621,ORDERED with align,7,1,0.7619047619047621,ORDERED with align,10,4,0.5454545454545455,ORDERED with align,7,1,0.7619047619047621,ORDERED with align,7,1,0.7619047619047621,ORDERED with align,7,1,0.7619047619047621,ORDERED with align
0,1,0.9790209790209792,ORDERED with align,13,5,0.4545454545454545,ORDERED with align,11,4,0.709090909090909,ORDERED with align,10,2,0.3,ORDERED with align,13,5,0.4545454545454545,ORDERED with align,13,5,0.4545454545454545,ORDERED with align,10,2,0.3,ORDERED with align,13,5,0.4545454545454545,ORDERED with align,10,2,0.3,ORDERED with align
1,1,0.9930069930069931,ORDERED with align,12,5,-0.08333333333333334,ORDERED with align,12,3,-0.30952380952380953,ORDERED with align,12,5,-0.08333333333333334,ORDERED with align,12,5,-0.08333333333333334,ORDERED with align,12,5,-0.08333333333333334,ORDERED with align,12,5,-0.08333333333333334,ORDERED with align,12,5,-0.08333333333333334,ORDERED with align,12,5,-0.08333333333333334,ORDERED with align
0,0,0.9999999999999999,ORDERED with align,10,0,1.0,ORDERED with align,22,3,0.3571428571428572,ORDERED with align,10,0,1.0,ORDERED with align,19,1,0.8333333333333333,ORDERED with align,19,1,0.8333333333333333,ORDERED with align,19,1,0.8333333333333333,ORDERED with align,10,0,1.0,ORDERED with align,10,0,1.0,ORDERED with align
4,2,0.9593450028232637,ORDERED with align,23,4,0.11515151515151514,ORDERED with align,23,4,0.11515151515151514,ORDERED with align,23,4,0.11515151515151514,ORDERED with align,23,4,0.11515151515151514,ORDERED with align,21,4,0.5833333333333334,ORDERED with align,23,4,0.11515151515151514,ORDERED with align,23,4,0.11515151515151514,ORDERED with align,23,4,0.11515151515151514,ORDERED with align
8,1,0.9945054945054945,ORDERED with align,17,3,0.19047619047619052,ORDERED with align,10,0,0.9999999999999999,ORDERED with align,17,3,0.19047619047619052,ORDERED with align,10,0,0.9999999999999999,ORDERED with align,17,6,0.20000000000000004,ORDERED with align,10,0,0.9999999999999999,ORDERED with align,17,3,0.19047619047619052,ORDERED with align,10,0,0.9999999999999999,ORDERED with align
3,1,0.990909090909091,ORDERED with align,9,5,0.28484848484848485,ORDERED with align,9,3,0.261904761904762,ORDERED with align,9,5,0.28484848484848485,ORDERED with align,9,3,0.261904761904762,ORDERED with align,9,3,0.261904761904762,ORDERED with align,9,3,0.261904761904762,ORDERED with align,9,5,0.28484848484848485,ORDERED with align,9,3,0.261904761904762,ORDERED with align
0,0,1.0,ORDERED with align,16,5,0.5,ORDERED with align,18,7,0.44175824175824174,ORDERED with align,5,1,0.7098901098901099,ORDERED with align,0,0,1.0,ORDERED with align,16,5,0.5,ORDERED with align,16,5,0.5,ORDERED with align,16,5,0.5,ORDERED with align,16,5,0.5,ORDERED with align
0,0,0.9999999999999999,ORDERED with align,13,6,0.12727272727272726,ORDERED with align,12,3,0.33333333333333337,ORDERED with align,12,3,0.33333333333333337,ORDERED with align,12,3,0.33333333333333337,ORDERED with align,15,4,0.13939393939393938,ORDERED with align,13,6,0.12727272727272726,ORDERED with align,13,6,0.12727272727272726,ORDERED with align,13,6,0.12727272727272726,ORDERED with align
2,0,1.0,ORDERED with align,18,4,0.7832167832167832,ORDERED with align,17,6,0.22377622377622378,ORDERED with align,15,3,0.7333333333333332,ORDERED with align,15,3,0.7333333333333332,ORDERED with align,15,3,0.7333333333333332,ORDERED with align,15,3,0.7333333333333332,ORDERED with align,18,4,0.7832167832167832,ORDERED with align,15,3,0.7333333333333332,ORDERED with align
7,5,0.3098901098901099,ORDERED with align,0,0,1.0,ORDERED with align,0,0,1.0,ORDERED with align,0,0,1.0,ORDERED with align,0,0,1.0,ORDERED with align,0,0,1.0,ORDERED with align,0,0,1.0,ORDERED with align,0,0,1.0,ORDERED with align,0,0,1.0,ORDERED with align
6,1,0.9868131868131869,ORDERED with align,7,0,0.9999999999999999,ORDERED with align,7,0,0.9999999999999999,ORDERED with align,7,0,0.9999999999999999,ORDERED with align,7,0,0.9999999999999999,ORDERED with align,7,0,0.9999999999999999,ORDERED with align,7,0,0.9999999999999999,ORDERED with align,7,0,0.9999999999999999,ORDERED with align,7,0,0.9999999999999999,ORDERED with align
7,1,0.863157894736842,ORDERED with align,13,0,1.0,ORDERED with align,20,2,-0.3,ORDERED with align,20,2,-0.3,ORDERED with align,13,0,1.0,ORDERED with align,13,0,1.0,ORDERED with align,13,0,1.0,ORDERED with align,13,0,1.0,ORDERED with align,20,2,-0.3,ORDERED with align
28,8,0.5826086956521739,ORDERED with align,44,1,0.8999999999999998,ORDERED with align,44,1,0.8999999999999998,ORDERED with align,23,8,0.9487773487773489,ORDERED with align,44,1,0.8999999999999998,ORDERED with align,44,2,0.5000000000000001,ORDERED with align,44,2,0.5000000000000001,ORDERED with align,44,1,0.8999999999999998,ORDERED with align,44,1,0.8999999999999998,ORDERED with align
4,0,1.0,ORDERED with align,43,8,0.9133126934984519,ORDERED with align,43,8,0.9133126934984519,ORDERED with align,27,2,0.3,ORDERED with align,43,8,0.9133126934984519,ORDERED with align,22,9,0.6180451127819548,ORDERED with align,43,8,0.9133126934984519,ORDERED with align,43,8,0.9133126934984519,ORDERED with align,43,8,0.9133126934984519,ORDERED with align
1,0,1.0,ORDERED with align,11,0,1.0,ORDERED with align,0,0,1.0,ORDERED with align,11,0,1.0,ORDERED with align,11,0,1.0,ORDERED with align,38,7,0.8088235294117646,ORDERED with align,0,0,1.0,ORDERED with align,11,0,1.0,ORDERED with align,11,0,1.0,ORDERED with align
8,0,0.9999999999999999,ORDERED with align,34,3,0.22377622377622378,ORDERED with align,34,3,0.22377622377622378,ORDERED with align,34,3,0.22377622377622378,ORDERED with align,34,3,0.22377622377622378,ORDERED with align,34,3,0.22377622377622378,ORDERED with align,34,3,0.22377622377622378,ORDERED with align,34,3,0.22377622377622378,ORDERED with align,34,3,0.22377622377622378,ORDERED with align
7,1,0.9684210526315788,ORDERED with align,0,0,1.0,ORDERED with align,0,0,1.0,ORDERED with align,0,0,1.0,ORDERED with align,23,1,0.7,ORDERED with align,23,1,0.7,ORDERED with align,0,0,1.0,ORDERED with align,23,1,0.7,ORDERED with align,0,0,1.0,ORDERED with align
6,0,1.0,ORDERED with align,13,1,0.6571428571428573,ORDERED with align,13,1,0.6571428571428573,ORDERED with align,13,1,0.6571428571428573,ORDERED with align,21,7,0.5245098039215687,ORDERED with align,21,7,0.5245098039215687,ORDERED with align,13,1,0.6571428571428573,ORDERED with align,21,7,0.5245098039215687,ORDERED with align,13,1,0.6571428571428573,ORDERED with align
7,5,0.7123076923076922,ORDERED with align,24,4,0.5166666666666667,ORDERED with align,0,0,1.0,ORDERED with align,24,4,0.5166666666666667,ORDERED with align,0,0,1.0,ORDERED with align,24,4,0.5166666666666667,ORDERED with align,24,4,0.5166666666666667,ORDERED with align,24,4,0.5166666666666667,ORDERED with align,24,4,0.5166666666666667,ORDERED with align
4,2,0.9830769230769232,ORDERED with align,20,10,0.30923076923076925,ORDERED with align,25,3,0.6166666666666666,ORDERED with align,0,0,1.0,ORDERED with align,25,3,0.6166666666666666,ORDERED with align,20,10,0.30923076923076925,ORDERED with align,20,10,0.30923076923076925,ORDERED with align,20,10,0.30923076923076925,ORDERED with align,22,6,0.32867132867132864,ORDERED with align
11,4,0.365330321852061,ORDERED with align,31,2,0.5428571428571429,ORDERED with align,27,5,0.6272727272727273,ORDERED with align,31,2,0.5428571428571429,ORDERED with align,29,4,0.43333333333333335,ORDERED with align,25,10,0.40692307692307694,ORDERED with align,29,4,0.43333333333333335,ORDERED with align,29,4,0.43333333333333335,ORDERED with align,31,2,0.5428571428571429,ORDERED with align
6,3,0.9203007518796992,ORDERED with align,19,6,0.40659340659340654,ORDERED with align,22,10,0.7714285714285715,ORDERED with align,11,1,0.990909090909091,ORDERED with align,22,10,0.7714285714285715,ORDERED with align,21,4,0.33333333333333337,ORDERED with align,22,10,0.7714285714285715,ORDERED with align,19,6,0.40659340659340654,ORDERED with align,22,10,0.7714285714285715,ORDERED with align
2,0,1.0,ORDERED with align,18,6,0.17272727272727276,ORDERED with align,15,1,0.942857142857143,ORDERED with align,18,6,0.4825174825174825,ORDERED with align,18,6,0.17272727272727276,ORDERED with align,18,6,0.17272727272727276,ORDERED with align,18,6,0.17272727272727276,ORDERED with align,18,6,0.17272727272727276,ORDERED with align,18,6,0.17272727272727276,ORDERED with align
3,2,0.9333333333333332,ORDERED with align,10,4,0.39999999999999997,ORDERED with align,8,1,0.8214285714285715,ORDERED with align,8,1,0.8214285714285715,ORDERED with align,10,4,0.39999999999999997,ORDERED with align,16,3,0.15,ORDERED with align,10,4,0.39999999999999997,ORDERED with align,10,4,0.39999999999999997,ORDERED with align,10,4,0.39999999999999997,ORDERED with align
4,3,0.9933756166314305,ORDERED with align,44,3,0.21428571428571433,ORDERED with align,40,4,-0.006060606060606061,ORDERED with align,36,17,0.41713014460511677,ORDERED with align,44,3,0.21428571428571433,ORDERED with align,44,3,0.21428571428571433,ORDERED with align,44,3,0.21428571428571433,ORDERED with align,44,3,0.21428571428571433,ORDERED with align,44,3,0.21428571428571433,ORDERED with align
2,0,1.0,ORDERED with align,29,6,0.5235294117647059,ORDERED with align,29,6,0.5235294117647059,ORDERED with align,7,1,0.7454545454545456,ORDERED with align,29,6,0.5235294117647059,ORDERED with align,27,6,0.5235294117647059,ORDERED with align,29,6,0.5235294117647059,ORDERED with align,27,6,0.5235294117647059,ORDERED with align,29,6,0.5235294117647059,ORDERED with align
1,0,1.0,ORDERED with align,15,3,0.7500000000000002,ORDERED with align,7,2,0.28571428571428575,ORDERED with align,15,3,0.7500000000000002,ORDERED with align,7,2,0.28571428571428575,ORDERED with align,7,2,0.28571428571428575,ORDERED with align,15,3,0.7500000000000002,ORDERED with align,7,2,0.28571428571428575,ORDERED with align,7,2,0.28571428571428575,ORDERED with align
5,1,0.9945054945054945,ORDERED with align,14,5,-0.17575757575757575,ORDERED with align,17,5,0.045454545454545456,ORDERED with align,17,5,0.045454545454545456,ORDERED with align,14,5,-0.17575757575757575,ORDERED with align,14,5,-0.17575757575757575,ORDERED with align,14,5,-0.17575757575757575,ORDERED with align,17,5,0.045454545454545456,ORDERED with align,17,5,0.045454545454545456,ORDERED with align
9,4,0.9333709768492378,ORDERED with align,26,5,-0.18131868131868134,ORDERED with align,28,4,0.6727272727272726,ORDERED with align,28,4,0.6727272727272726,ORDERED with align,26,5,-0.18131868131868134,ORDERED with align,26,5,-0.18131868131868134,ORDERED with align,26,5,-0.18131868131868134,ORDERED with align,28,4,0.6727272727272726,ORDERED with align,28,4,0.6727272727272726,ORDERED with align
9,4,0.6924664602683178,ORDERED with align,13,0,1.0,ORDERED with align,13,0,1.0,ORDERED with align,13,0,1.0,ORDERED with align,13,0,1.0,ORDERED with align,13,0,1.0,ORDERED with align,13,0,1.0,ORDERED with align,13,0,1.0,ORDERED with align,13,0,1.0,ORDERED with align
6,1,0.5454545454545455,ORDERED with align,13,4,0.1666666666666667,ORDERED with align,13,4,0.1666666666666667,ORDERED with align,13,2,0.9151515151515152,ORDERED with align,13,4,0.1666666666666667,ORDERED with align,13,2,0.9151515151515152,ORDERED with align,13,2,0.9151515151515152,ORDERED with align,13,4,0.1666666666666667,ORDERED with align,13,4,0.1666666666666667,ORDERED with align
8,8,0.00930487137383689,ORDERED with align,27,6,0.1868131868131868,ORDERED with align,27,6,0.1868131868131868,ORDERED with align,27,7,-0.12727272727272726,ORDERED with align,27,6,0.1868131868131868,ORDERED with align,28,3,-0.2571428571428572,ORDERED with align,27,7,-0.12727272727272726,ORDERED with align,27,6,0.1868131868131868,ORDERED with align,28,4,0.4787878787878787,ORDERED with align
3,0,1.0,ORDERED with align,17,3,0.5428571428571429,ORDERED with align,17,3,0.5428571428571429,ORDERED with align,17,3,0.5428571428571429,ORDERED with align,6,0,1.0,ORDERED with align,6,0,1.0,ORDERED with align,6,0,1.0,ORDERED with align,17,3,0.5428571428571429,ORDERED with align,15,7,0.6923076923076923,ORDERED with align
3,0,1.0,ORDERED with align,13,2,0.6090909090909091,ORDERED with align,16,3,0.6666666666666667,ORDERED with align,13,2,0.6090909090909091,ORDERED with align,15,2,0.3714285714285715,ORDERED with align,5,0,0.9999999999999999,ORDERED with align,26,7,-0.07252747252747253,ORDERED with align,13,2,0.6090909090909091,ORDERED with align,15,2,0.3714285714285715,ORDERED with align
6,0,1.0,ORDERED with align,27,7,0.08391608391608392,ORDERED with align,12,2,0.5272727272727273,ORDERED with align,27,7,0.08391608391608392,ORDERED with align,27,7,0.08391608391608392,ORDERED with align,27,7,0.08391608391608392,ORDERED with align,14,3,0.3696969696969697,ORDERED with align,27,7,0.08391608391608392,ORDERED with align,14,3,0.3696969696969697,ORDERED with align
5,2,0.8166666666666667,ORDERED with align,0,0,1.0,ORDERED with align,26,4,0.22727272727272727,ORDERED with align,0,0,1.0,ORDERED with align,0,0,1.0,ORDERED with align,0,0,1.0,ORDERED with align,10,1,0.8928571428571429,ORDERED with align,0,0,1.0,ORDERED with align,26,4,0.22727272727272727,ORDERED with align
12,2,0.9977753058954394,ORDERED with align,36,3,0.4523809523809524,ORDERED with align,36,3,0.4523809523809524,ORDERED with align,36,3,0.4523809523809524,ORDERED with align,36,3,0.4523809523809524,ORDERED with align,36,3,0.4523809523809524,ORDERED with align,36,3,0.4523809523809524,ORDERED with align,36,3,0.4523809523809524,ORDERED with align,36,3,0.4523809523809524,ORDERED with align
0,0,0.9999999999999999,ORDERED with align,6,2,0.21428571428571433,ORDERED with align,6,2,0.21428571428571433,ORDERED with align,6,2,0.21428571428571433,ORDERED with align,6,2,0.21428571428571433,ORDERED with align,6,2,0.21428571428571433,ORDERED with align,6,2,0.21428571428571433,ORDERED with align,6,2,0.21428571428571433,ORDERED with align,6,2,0.21428571428571433,ORDERED with align
9,1,0.9963369963369964,ORDERED with align,33,5,0.2380952380952381,ORDERED with align,33,5,0.2380952380952381,ORDERED with align,33,5,0.2380952380952381,ORDERED with align,33,5,0.2380952380952381,ORDERED with align,33,5,0.2380952380952381,ORDERED with align,32,4,0.39999999999999997,ORDERED with align,33,5,0.2380952380952381,ORDERED with align,33,5,0.2380952380952381,ORDERED with align
9,7,0.7673630717108978,ORDERED with align,20,8,0.3029411764705882,ORDERED with align,20,1,0.19999999999999998,ORDERED with align,20,1,0.19999999999999998,ORDERED with align,20,8,0.3029411764705882,ORDERED with align,20,1,0.19999999999999998,ORDERED with align,20,8,0.3029411764705882,ORDERED with align,20,1,0.19999999999999998,ORDERED with align,20,1,0.19999999999999998,ORDERED with align
0,0,0.9999999999999999,ORDERED with align,20,2,0.09090909090909088,ORDERED with align,21,4,0.01818181818181818,ORDERED with align,20,2,0.09090909090909088,ORDERED with align,20,2,0.09090909090909088,ORDERED with align,21,4,0.01818181818181818,ORDERED with align,21,4,0.01818181818181818,ORDERED with align,20,2,0.09090909090909088,ORDERED with align,20,2,0.09090909090909088,ORDERED with align
15,0,1.0,ORDERED with align,33,5,-0.18181818181818182,ORDERED with align,33,5,-0.18181818181818182,ORDERED with align,31,6,0.521978021978022,ORDERED with align,33,5,-0.18181818181818182,ORDERED with align,33,5,-0.18181818181818182,ORDERED with align,33,5,-0.18181818181818182,ORDERED with align,31,6,0.521978021978022,ORDERED with align,33,5,-0.18181818181818182,ORDERED with align
0,0,1.0,ORDERED with align,13,7,0.3186813186813187,ORDERED with align,13,7,0.3186813186813187,ORDERED with align,14,5,0.05454545454545456,ORDERED with align,13,7,0.3186813186813187,ORDERED with align,32,5,0.4588235294117647,ORDERED with align,13,7,0.3186813186813187,ORDERED with align,14,5,0.05454545454545456,ORDERED with align,13,7,0.3186813186813187,ORDERED with align
17,0,1.0,ORDERED with align,35,15,0.5919354838709677,ORDERED with align,37,4,-0.3714285714285715,ORDERED with align,35,15,0.5919354838709677,ORDERED with align,37,4,-0.3714285714285715,ORDERED with align,36,3,-0.6,ORDERED with align,37,4,-0.3714285714285715,ORDERED with align,37,4,-0.3714285714285715,ORDERED with align,32,11,0.6513409961685823,ORDERED with align
1,0,1.0,ORDERED with align,30,13,0.4603174603174603,ORDERED with align,0,0,1.0,ORDERED with align,32,15,0.6473607038123167,ORDERED with align,0,0,1.0,ORDERED with align,32,15,0.6473607038123167,ORDERED with align,30,13,0.4603174603174603,ORDERED with align,32,15,0.6473607038123167,ORDERED with align,32,15,0.6473607038123167,ORDERED with align
15,0,1.0,ORDERED with align,30,15,0.6382047071702245,ORDERED with align,0,0,0.9999999999999998,ORDERED with align,0,0,0.9999999999999998,ORDERED with align,25,2,0.38181818181818183,ORDERED with align,30,13,0.4603174603174603,ORDERED with align,30,15,0.6382047071702245,ORDERED with align,30,13,0.4603174603174603,ORDERED with align,25,2,0.38181818181818183,ORDERED with align
16,1,0.9580419580419581,ORDERED with align,26,3,0.7142857142857143,ORDERED with align,31,13,0.5987958401751505,ORDERED with align,26,3,0.7142857142857143,ORDERED with align,27,10,0.38956521739130434,ORDERED with align,27,10,0.38956521739130434,ORDERED with align,32,15,0.705528188286809,ORDERED with align,27,10,0.38956521739130434,ORDERED with align,26,3,0.7142857142857143,ORDERED with align
